$ANSIBLE_VAULT;1.1;AES256
35323661623334646330663335393866313433393434653263333239616130363137363934656661
6430343037363763616337356232343461616434333863610a336564663939333938646133626534
63316262623037626362386334303730633238303034393761343831636137393135376336323135
6661636266653661340a653366626133356335323330346161633036313964323765313838656561
31653639633939653732666133343631643366363631346139333263393963333761313335333964
37383032396230656132333730386461383336663737373431313732383431386462306432663534
38666537363861386465326638366537343931373162306532663937663331323432313834313335
34316234346633306432313961303239373333323136613333316130663036346637383930396237
61656638383337663638323232366435396366656337626366613965653865303338383333616532
30366634636437356266363335646138616134666239326432323264633435656637323962356135
61633537623865386332323335356630623636323338353632346332373732353538663138613663
63353132613962313833643236633764623466333631393336313036366630366338666637336262
37663831663536636130353039626236323064303466363164666163663466313233326431386238
61616233633632316566393236336235653136336635313461616137323466343736313935396232
34313731313162633662316634343134626366336561343364333266386363636339323837363262
32316234656163626336316563316365306430656363656161333866313434613635613237656437
39633637376430393666356434313161626632363166333033303535333036303035366366396534
64613061313137343939633530633331303637666561343831633739356136666466396163643632
66613139653930323234306338343937643564323737653633363965393661383632346661383534
38643565656637656361313064356462393830613962396632613265393965636263656232366136
65636535306338313632656239386263356535366634336662343530633432333036623436636564
37613663386565303430313663393537663136623161303235666439623133613564343238343735
61633038666638333336303130393365633966616330336635343166616332616238383263363535
33303239323963323332633563346430656265386463343432353538633932623665353433353032
65663463313764393364373231356533643631636665396335633064643164313634653933386166
64633962616166623866306664343161616362626338666161643539636265333662653135336666
64616266333437363034376462393231376138373465626138353566656638646532613232626661
64343463643365383366633038643164313330376630663766346234346136643336323237653362
31643262646530636131363032396339633963333435396161313439366137663437376261656230
38393036303733383363393665383438623963633633656235386637306265623133643439363130
61356165366439313031326366626330396234633961343733303463346134313337303834356330
33666566346239636366383435303436386131323439396163316333333036613032626531643538
33313636333539353636653336373839646337663236373333306434613539623236363135663564
66353662616463323237616661313138663833663632666265373862323939643163626332343435
61306235373132366432666436353965653137363332333930643032386439616363636131393334
32303763636333376363383763376634323535666266613731636364353534613733306439356364
63613932326633376265656139326566666230613964663039303337363830333034356466383330
39366661363739643539313663396334333964653536666637373333363064393163313461363436
32633964326536303963303362396334383836353861343231653931393265666466333166613933
64623837346361356162373830393864326435306435666233333735323634336564393965346161
35393137303665646432353166306532613734393362333863383439333536326561623635616131
30343438386432313438396465353661616232656630643665306130623266623937646539633738
37653135663263636664613733636465613930613161636463656661643538626364633633646639
65643765343437376132313037366235343431376136326332396635636633353963646636653139
61366363373566613637663639616537393438613462383330633830333161383966643730326137
62363531663466363938303136656233646435393832613234653630356235316136303937343736
36633637666437623533313930363734663130626361623138313565393831356636313162663733
65373232376338666330313036303966666361316539326432333538653063303761323631643664
61313034653165646237323765313537663138663563323238356462366332303935393633336237
35333662333636656538386666616238666636646332366361336165656639363866333535353334
33616466366536346530653664363839383735663734326637343262653035316165663630346533
30653338656663653262663530343633663035333432323530636230303437633830653937623633
38393230363736383365653566343231303432323534666163663665623061633233366137613939
30363663306335653639386338616366343039653533653163663066373230383366393963316438
64376463303465386464343834326639333163306161623263343831343562306539336461343136
66386438666538636532303865623266663238663332333833316561376361633661613964363332
36656631623661613338313266633162646335613336623263373437323130613761303031373038
61363163336337323863383961666630386538343839356431363065373732356235373632363464
65333164396539373131396531643336633533653734643365613639376530636464353662363535
63636234653833383532376230633662646135643434613061393462316265323139646532663539
32383432333737393263303261633366623839303632333837613964386237343432663165653139
30383834376631356632356335643863376661653466313835316266643235373737323465333030
61373234353666336665396161663132633132383366613462653935393638643466313539303238
64653830646663353763646630393233653234373739303461643261313331396232366436306336
33326262356464636662383932343862366230353161643236313861656365356532376532353363
62393165316130666633373534393231646436346637643166343137623061663365616139303334
63353736393261333063396330363462656235363636646561646231316663663639643763376262
36353231383139613766626331623734653736326336346366383361313835343933336535303763
61353933613665396332323864656263313363343037616431306464666365326631333136313366
34646336336238303931373637353362363061666534353362333262373664666363313030396432
61326564636230383737343432303661333663666233623238393932393064366635333434356464
36656133623663323336616636383462353033303532323264353732363462613638666265313164
62323839393332326235376136363339363761636330623163643434333533316565633138326366
30303261386338623831343761363930396437326233393161356466653237386662323234666639
36656661636239313065633936343363363461616338636565303432316235363462353333666435
31633132643461313962646436383032303833333262313434313632336534326238396334313463
37656134383438363464303261643731633139316633373237383465373631366363356136326638
38376431323334393163356130363965373035323136326461323563663365333630303066656565
61313339323830326665616133363663326161366330613132383936343663613633633563636664
63623330613738646563383331303933343965303631343136366231653837366438303262313330
61666331313638393734613262333362336364613566643935336638343936336136623066653664
63663035643666343162376433323431323464313734633832336333303865646130653937613038
64383965643632333734633834343532646633616536393663343337343732323835336630633465
30356131326363376630396539323763656635633166396237336261383537353338396537383162
62643166646239653764623139336530333831383363356661663762646465666139313136643165
38323961626433343736376530616339646137326661656639623063363638343435373935643566
34623530323762343632653637386239616133633266303735316539613439656662376138363636
36306439303365343562636363356238643963643061316333373663313164353630626136663034
38336536306132623364363632643031353865343066353932386538303535396135333532316263
36326233633661643364313738363333663031303239326137333430326162326464393831353334
30366234396361333964373133616536333133663037633430333037393534353164373638656439
62356238386634303265396463376439333365323638376135646666643463636535306561383938
38376536353663626332663637636132336135663035663435303165383230626566643234633532
64653661366130626332633866316131366566353734626562366163323061666630333135343563
65396531366434613235663231363361346235383632663465626332393434373564663961366439
31396230356366636164373066386330653463346233623765316366653431623965353031316663
39623561613133373964303861333337646237333835353661646233336436656562326563373361
63326236366462636337613837643133333361353133396637326363356239623239386661663433
65323735353962383065353330396637353261626134376564366162316561663761386135336663
61643833383862646632353536643534353730346432313664343261393933346536376434373339
32383539396262396236613439653862396438323436353063626531356161333637616363653433
35656139336263333237356235373963373663616530383465376330383639646532333539616436
35343364373139353939623333656632316566336637316235303536366530616365363162353831
61373862623834346437623864303965666133656637343231646139333935313638316333643435
61393231626538663035323536383636336633336433663738623037616437633963623362396236
36323437366466353234373534346231353936613233663937393936353136633230643631313034
35636164333261623966356365306237643730303362376635326132656637613333333439663238
36623930306636393165303031306433613035303363333437646437356531663664336535333564
66623331613731306638333966383662313562333732653865323139353834343838653231356137
35343737643566376366393966333461383163613330353539666437643861323764386165653834
65316434333337333137346333393839613836626563333064613434396338326636366264383736
33383235613431373961343962333435383439616161326630666161646534646635383666313035
61383538626432356566393930343231386130373037363862623263383235346237643634303161
37343761396235383266653631353865323865656533363532346466646634363039616536613763
64333765326165623931613363666536366134666336343732393035613661643063323634616164
31636136316465356536313834356462643039333565343636343237356333623163646133343335
38623138363736356539373964333432643330386232376132303166653836643036366364313035
61623932333836396263303535313963653565326434396538643139373636636664346432333935
30643632643934663538303034616138663732663466313561376332396364323332323333396332
32383335336333336661346165646135383334326534303264646234326666613632353238353535
36353833613532313461363961383663633335373865383738326263326437646135313964333933
38343433333663663230323134336363623563393338613961663733383364663139306135393735
34323936333731653662386463306138396433393036303839333235643534346265373863363631
66633635353037366334353764633837623561623939646139386432386136326566383661666666
37666635386163356530383436326535383562613937396332303966653131346432336464386139
39626231373130313239653961653038303034396331396461363230393036353964613239393262
39636166373834303933626130303434343333653861373539366465356234386433626462366335
64393464616464636439363564313331646236393334623238393032626537373764303833326465
65633139613034633333636464326434383732616332643736376339613737666463663162636561
36383335353931656336613736633636386332313164343834333737633131343638376235613930
61343934333037383539613238643266623631383863306261306632626631636132306663343231
62393538326565316439333036333165393834366637303035633864303834396434306166313632
33303139323436373036353336343534633336363931333439306136653839323037326136313163
33636339363561373331643364346462343465383633656631336531343065653536373030396633
36343133653136623265336536623833393063363536316432653164613232633138646465383963
35366438663739623637643162316537663163646462383030616438623333373366393164623534
31613638623861326433653864376132333635386537383465363334373962343130316261353661
36663431636366363839353762613030316539363664333762316333386136393561656161633663
65313632316230623662386164373330313162323038653134393763346164356335623866356633
38613032336361313732323039653631376434626131623939346463376337333830666634613835
36653632393235306438323531396439663434353835663539343139663533623837303536303737
66386333373366373438306630393166373330316663346135663064623133323330636438636631
65663434643366333862313638323936613436356262653638363431333937356636346138653565
38303836383132613665363136653266343436343262363561613533393932343031373739616334
31316265396464636434396234353761303037396336363065636463636162366462393364633338
35393463386165653933343565336430323362643237313730313630653163336337386132383239
63396236633764353964303730343038613837393136623137326537346339333031336133623138
35303130373333643166636434626564656464396431336333303534366666336461333235313839
33353838366538383363313766636633646537336430633530653165626630633565393434396231
37306663376437623032303465666164646537653334333261663831303435333535653361373665
66303861646337316666383462626136343235353938666639613532366139663339313863353637
39653536643163393030323963643463653433383639373766646164343866636430343731656230
36636165383437633362653865633136653436376234346434353435313862633362636466306335
66666531643437626638323566333963366139333364663461353838653732386536663238393230
35313430626637306236663832346231666462313162393963636438653634313066393431366334
62323738303635363435393734616235623139663635633164376336383133376136623766376365
64663233303065343863643465653466613536623232383461393633393561623663363938646330
35333664623662373731653065643365313536633130303432633566323964326663616363386632
61336563323361393063386431303166633634333866353438333164663538333038653831393062
32393861343633353632303231356432653239663832643366663239386532383234623264636137
38383030323738656566633639323061383932383963613433663438346364353463326465326536
32316337336262346564623362376661623561336231653533613263636666383265386463396366
37653230386232633438653438336163333830353737613038303837623162303864653537326437
31393064663161333839343364623833323365623230346534343664633536633764353565323030
61333336643165663065663536393337333938323633366234386538613363663465353536323564
35613035613664653236643238663264336134656231363434623861323430333630643364663031
33363737626136373833653434373835316338356132313661303566633262643135626163393833
33663132613735323035383031613530386131363965313033393237353964353764393736353239
30366536313137613033613235393562613363313130366665663239343539313534616539396139
37306263386366376464666537663133646362366335343264313966373235376361323163343731
32373332336230363239313566393332613039326266663163396363363963646364303562313239
30343766363964313265393664303838636362626361346538303938356162333265383732386439
39643661343632333231633236633761663161636232623430636461316639643261353363633765
65313333636631346130383232663330396435646533396235653734386132383131643562643239
30393731376166316165656433383330396661636366353837626265346432633161636631306665
64643534653532633466356564626161323062343265366230643563636232326363373938336430
31386136383236323034613139343734616230353663626630633236333830663236313736343036
66663532316264643237666130326565636366383931393232653036386561343664353561633638
66663661613264633233373036616562666631333234623363396538373363303836613564323563
66613561363362336464343462333935646431323533326266653631623433313637313966613639
36333364386366613732316663373966653735333563386261623738353539343135323938356330
64363961623438343937623066383162376564373465353662653263663035323437333432643763
39663533633464336333636364383438653633333437326332616664333133333238346637346465
34383639643361316464623065373935396434323165336562646664323737623737336263373830
31633435613637613162396135316430313632633330346534323764333537343133393033323236
31323637303762363039633535383335353839316166383162643564613163303634353133326362
38653437383531656263303834376562343335383761343465633566326534366532613636366536
38366535656537333634663930363334666364366137323464623665373532306633303239363633
64633833343736313238326165653264313137646661366365623731343633313462643130333666
37346363396162623665306433326236343237663935333261663739353036333631376465326234
63356438653431363033303663383834663439663734663663393535333531636664613230623136
30306163633939663232633264376162313264376338373233626635313635643136363966323238
36346361373932323637366561653835306662313136626366336462343330633266666432393162
33323662303962333161616362393537303661333136313034306432313064366632636536343661
32393437323237373461656331343765663330323339373363623062373661643037633634636230
31303139613138343863373861316162326130626462643033623135616331623663343932383434
63356438666636323738663331653066393564343262316531303332356637343036333533356432
32303736643430313937373532366361656365336361306436386164346537636136326364666361
31323039663234313839333436336430356138306136393963393138343530646265323239336561
64386131663435366330613235356538373066623061346265303866303562643465343234376462
61613962303764336462373362353533396537626631396530303438623338323236633631396336
61633030653564633039613864353564366435333033666430633537323932613537666431656463
31386461336638303361646664323232353462383134316365633365356132386638666132346633
32393935633164326664373634626235383264663262373533633631623137326339333062363732
39346537396435303530363563376232653261386562373335623438336561386139353031363934
33646566373031393238616434653064333131336565616639326663313865343331373766376633
34363230386562613263613264333361383363306536643432313061323938616264653562333662
35353437363131346531376433396539323337313231376266316432353133646636666433343432
32616431373439396564656532386436363463326638653534346432646432666162636438643362
61653432323039636566646361326666333865643634356539623436313332383035353739636537
39306564303033343361383730306166363931633338333430346465386238333664616133653937
37663134653131303363633132313130303134303031333334636165393537366138616638326238
34623831323837393461653232313335643533343631613236663334623565393362383462633637
39613438336139633730376236323435346234396365336562363437366130346635363935623766
35376630653536346537363864653639306634356439356433633239323134303365613034633337
63633831323534363464363438656461363833376136636637613031323064316166633438663930
32343933643439383265346264336365386637656565643732633466323065613537663738333238
64663231303131303230613064316134663366623765323431396230343565353134616264383866
62656539626562616164636136366137666162303764633835306335346539616132393563626637
64616637633837353431363566633330616366323135323163366433313234623866336433656662
30633934646530666237346162326333393839373962393861616234343064383532636231313162
34336339613135653065633739646331386135363239303065653865393932343032653063306537
35366134393836613165356336373830356439323738303532333930646330393266313538326134
38393831306161383764623130366264376437303335623637333864633037373563613065373739
38373635336363303038323262326565643235303165353466333664623061353961616162313837
32643365333130343739646661653566363762623030326332373239393930653333626365363935
30363635366462333139636164386633633738383363656565366439646163636139633566313636
61613830396365626137383763626436303334616233356435353938353239356137303931313331
31333562316165663264323263656331363866366532313135636465626236633835633633383966
61646234353734393638386234303930656162373764633235616438333961363236666434613764
32313266343537326137316131306138616133613563383666613732323661346438386336616435
66643266336661356533383434343232373939323864303336373266333531323238653937643833
33616261383066656339653364336463313766326437376233346361666331633264616161343136
66376234373835356265653166383364623331386564623030616631633733363763343636306136
33666232636466373335376233616634663630323636336338373935313466313938663432643064
30613237613336373032643666666461346538616262626333663138666130373834376662636464
64623866633266353231366432613231303361386562623635643839373839653735333237613064
61643662363535326638646465353966353562373831333063366663626132396630623463373735
39663733306161303537633564336637363764316530623534316465376636376638386265346535
33386265333263386465326163333062663663303561613838373163623763363463383362313563
37636432326635356338623936316565613434636565336362373538663062653035316462336438
34346331613066363332646664323334636637333738386165313365393832366237373161333839
63386266326262386364383963333038363837633765393162386134633437373462663233303730
35333163383731333239373733356662386637356433656162376666646631343466383831333831
61636562396433333938663136396636333862373230636330623164653234376131373761373436
64613933656661623263376636323735623466623262323361306366633236613664643335316235
63316362636466326632326265303062373633303534623338313631326638303833313837383637
61393939613130333235646135303762663134376539656334303836636164613136623762323261
32336366633962663439653733353032663266326564336630396130333565646465636231633963
64396338363663353137336665313238376365376530373334346163613531393734613135393237
39643939353266343237656531636538393733383865373633653332326332313038383662623361
34366166643835336336666137656436366339633136336332393638353665646530363231313739
33383437373837303862633935636534303930353236643730633139383236343836306464366438
61636432633861396536366333616361393863656235353333343635336365623834363538336531
36303830653365363236356337633838353465393930376363663736373164306635326265323364
61363366353438653661373930373434623664343565316238646566613661633934373135363933
38613938363034346539373666643330336339353163633561373336343061393737636138383164
38616134383336663630363362663663633764626430343761666162346164316332353263323837
66396162633631383866313535316639333364363961363932393562653236346139613131636236
64636432323962383630646236663233633038383561616137353838613361383934353639663265
65643638316634653239343562373064336565656336623336396462663836633762663662313733
65353061373062333362613134323239353965353334346366333033363130633031313363346362
36376662346334646432376562656131393137613136326439306166623332346433646565373736
65623534626331366661626338353563366266613366383339653766396666396563313466626531
38643336353531663231303031663139666430383131393063626239643935393835663465343936
34303739633165303063346264303664306435346633626434303730363234646532303432303363
35366431656461633662393162366561616130636365626130666266306538663664316239663533
66623862363631653834323132353739326566383735393732383561356238336639656630633338
35343233663965646365623366386335653737633538313735376261383530303965393130663732
31613165616465326531633138313632363536353330663865366361303063626232393337356234
33356131666533323538373965616439383437373430393865396431313931333230653530636635
38386266316632373766656662663866356436666163383761326230316563373231623236383365
33383333383466643334373031656336326338363961613064396536646435623133663238623439
30363038393436303131386438366333333566386638326237376139363466656166643933653734
64353738613733353633333439346434663466613433386631646633626564393365336336666231
34353365336135613261636337343032376336396665613739656330386631376131613836313163
64316139313730356263353364343139616531616336656138636161636236633935393465633435
37356234633464623261616436613631333736653439383664303132303066666331306232386466
35313139666161353634373630636563616261613262393732333239336232656366303037326263
36373435363039316437653064393862333563376663643234366237656339376235373037316332
34616236303533343561363131613535383139613030653166313539393966356236316535346336
64623263313666323963616539643238336532323733343439316130333335613964643165376265
37616564306265333236653164353435666239366534393465653832326335636262383662613633
31396536393237353637333539656663306431346630363366613166643466326433666364626532
34326362623835373933623535393032393134646632616136666463646335653833316638633737
65323463646161656661626664383763393163333139623435353433376566383063666166386435
61353531323938656234613137383138353830346432373839313630346135663438363230666439
38306137633635323830643362326437633832636439613561616331643563613835666331663964
37643838626438653463613136656535636336613232323332393530353538636164313664666163
38396162616262333134393965663630313537333731343766626639396234386162383865613466
38373932643338373962333038353033346435386433333934616563303864616631653564316238
66323763646436373930313164393231666532653665333635393037613932316139633739313937
61646466616565656363333537306439613562623565323732636362356662313130626563343736
31626431653665343732353366386435346364663934663931316434386534356263663636306637
63616338373436346562386334303731623234653338326561336562313866613139316235623534
31326233336661363166613931623463383966386639343839343262356461303230653561303538
30636330366665336335613830306636323966613232353132373231373133373433373631396665
62623538363133316335366436646636373133626532393037323238633731333536643634663862
66613837383064336266376636303136366162633730373262386335393166313565346538626663
64363931616262626262353666323538306338653965656263373166643361356536663766363137
36366532633635306533363830313832376330393363383435386362626439633731323933313162
38666639343933373961653136346662666266316237646236343838393564343230396164626337
66616433663633376235373063306636356638616138326664393066303136323262646130356166
32366661636264633564303535633261373431363534666463353664363361363962646432316639
31373731383232616433623731656433363430666437373033343535313333353233633736353133
30346661666132613831376637646534313939356264663738616136636133366663616137376462
35333266623735333661373231363465636664663638313762383463633765633338396435306131
30363437383533373036346532313333333463383662613337306464303337306139386663393336
39626237333133626532323036623238373533396139616535313131663237376366646535313536
63303764343266396264666361626563373836353939626163303737333136663139613062343233
65633333386562643139613566646365323166346365303164626163326466626132623164396461
36366336323764323530396263346439633362616435353232356535383161336134396131626165
32633262343534666162623265646566326136616536663130353861633239653239313232306334
38313830366366333337383131373637303939666631623236333039363966653165333663303562
64353965356233376238623466306139313433613036643332336535316364333838383463626562
61613536623330366563393536326332656566353533373163623437363333343961393036613335
32383333333561376532343638326235643432333462326236663464343835636562343038633765
64663538323233373662616663626433346661613630376630363032303535306433653033386632
37366235373066383964343439373838623964316261666533663063323361663562636566303264
62663231326265303233383966643963393139623534376138356236383534336538323366663564
35306430323962653232373833353938633331343035393338316366613064666163333734343962
64666631376430636237666465636231396535373031316432393436613862326139613934646537
63353365333333653062663936323437653162396232653132633033626436313438316337653364
35356430396465666239616332386538373235613230646661633836623731643930353531396462
31373964653263376235663133363736386564376438626636396332353666336238626565623961
32333939323630343834336361376163383836666332613332376162383961356362326433333762
66396238656330393537656538636433393163396564326631386365663262306434303535353337
35393339613861313039643132333535623862356366646663346636393032616238656134623338
66316563386539333738613364313763643534376231616631633737383163386331303039383330
66343633373033303032666165613937363061393361326431303766313561633234363564643264
64316565373837316461303535383731343631306563626533306435386239633662336538643261
37376231626238323739633662636535373361313333393239326238386264353731663462396530
39316530373832313033333837363036663438323062376139326361326238663939333834306163
64643437356463373036666236663666306537363637623635373431346133393131623363323664
37333730316338383931396336363639656133626436333434323663636130636130666264636436
31363464363765363264303431356131613635336561336162666566353366643861656165633663
38323235643838663232333364646264336137346339623962623664316636336362366266383162
61306331333035393966306263363861313433346530633035383761366361363634373737353134
31316362633836376162636265623039613461643030666362396339396362353138303832336661
30313234333063373664356538323264316436636266616239343238336234376366363134383763
31313234393037363433353065303531366534353232626136353566623231353363306433646331
36383630663334356434643438623830383134353538343264393364663661306630656562623666
30393633336636373730633162356634393666393236663334383463623162663461643938363332
36353263363764333239623638643964313933623434616562623463306364343935303962393639
63373239383064656665646632313664373461326137336235333464393530336665636339353631
31646666626139316330343331383430616462656439393536646334633566396538643763626530
31616636313661306630616337343935366566373062323531646265616138323164653431323936
66373466303361373932656161363737663264376138393661396366353866363738623632326535
37376235323438653037306330323164313836376361323363653264383362623364356564333265
62613935323262333962616535643466336339643436656432376136393236616161323832303562
66323639613561386536363036313838656363333639353964303432363761313164393566373233
31363666366261343733383666636138616661363738373066363462643865373137396230363930
65333065353535313363396666333936623565373062353139383763643234366362653738306265
66363239333739616631306538633930643139356131396361376336376232393038373633383339
31636561363761373038333466633936393833656663653861663337396562346635353435646332
32336133396135393434353538356332613063343830323234383531346632366631346139326130
35353238636465316631306134613663633261613264656537323961613465663031626235663232
32666330373062373663303362303037653766616135343230353633393762386434656231663763
35336564343461323965666139653263613937366232363931333837383330373932663836396131
31376637646562633263396238623237353934346235636634656237346134613136343363356637
35396139616365663834383133623232613831396130636530376330613135356334643135363366
63356331663466666532353865613831343336386530393738626230643330623437356238336538
62396137623964356537303630393537333438376662633364313738353235363036356334663563
32323338383137343562303032336666366561343365356464336465396162346531646638383535
65353863623239303364613932323934636335656638666662346161323038663732336533666266
39373536316338636536366438323238353232363365643866373837633364313565666666626534
39633764336565316633306263313465393032313938353961363234373061383563383663396566
32383130343736656631623165613262643561303938366131643138353461616435303635653661
34613537613837643336663136633863613861363362316334623933326464626130383031623737
38626564336461646261303839316131373732666665616462633435643261396362326634643631
39356662363139646533663837376237623939363064663165643864366536393162363162633638
66346161336663376431393533396662333237373933393064626531386665313763386661616530
37656665653563656266383733666234313038653039633638616565613133353636613938396261
65396630633361653430313638626333613537306139396537303765313135626636336136636535
32353438373136306330613566633938326534643062383764643963666561333961343063336234
31613565336334333832396266613737356434363630383731316138326361643065633836393331
36646464633761326538643562623930323530636634346330616137666432316538383136303232
64353563666332643336306465303834386135643061393765376664356262333332306437663934
32666534663064326563646431373764633964636562316337313038343933626236646639396137
32346265343736653163613936376666353133346266383138396132313662316433333463393637
35393435663761656565393163636461633266626665393766396637303334393665653762353765
33353561383664363663643162313731616461373162666236626137346564353362323639373965
61653030346663623138653866333337333965663663333964343266333066323039633366386436
31613738326366643932643061333636376532333430303933633736626462383737363234336664
35313363353434373562613263643866636166336537333730333363383837356637396337346261
30363539616230346131636561346230353762316636616236363062396363366134373437613262
63643531656132663562343638643763383034373938633533376263336138663362343864343530
62653433306466653863643661386230643665333436396661663834633430613931303765613234
32313065343466613131363564366136386135646464663364353238316165346264373731663736
33626561323937623330653035343837323861616165303766343264333236393236626231653436
31633438666362663231353063386363613866653264663630646430346136663033633463316264
64626264373030633831653566356666353936356664366134306364396236313661643165366562
38666537386437666630356632383137383634616466623331303338303334366237373036353939
39633334373665333561366237626663353065366234363030346631313765623338333863643234
38333037343561646633646137326162613131396133316265316362373834323833373839383337
31316135333665653531343963373462363664386532653633383534316334643530363261623932
36653365613330653234633130643738306664356535303739613335376561333630613234623638
38396237333030633633343261333132653934303433656136326631383438363061636238353561
65666162333134646466363663613236373930636638643538313939343062626336613166336638
37356338323065646266333235663433653563323738363530313538663230386261316665343963
36343335313965303738393666336464623834653464666233333365343937386262623339366532
38656630396637663033373638383765353831653033386230636562653338306335383439383933
30393330656266336366663463396539613466333762633531363864313465303165653539313764
30666665666562353335306237646536613534636365633532366132323231313538653039393432
30313039643832326434316263663132393735656261373038323035363865323766313732336231
35353866643539623231663439333734616539366631393139663663303636623965323233366565
39633539393930303733653438363132373138383030383164363063343761333731333134343033
37336464653836383564613333363164363166313638623834626166373962343437393339663238
37353964306532656338633133336335633361373861303036613561646332336562373231336333
30343234323437623730666362323835373263643031303865616366353061303832373236366130
66633735636134643232336631393835353534343633333365343838363834383063643237616564
61623062376132323866373532323937656363376464373639396533656333643037643337653433
39396538643466396562363462636639663339343536653862356431396165343930393034653939
63616163356238376533383963636564346132393635346633613931303439386566646262383235
31323331393532393031313339666539616536323139373139636264316232343932353265636361
34383035383662306434373138383762653838646132383835303461366138323266323233356162
31653432626130356430336433336231623432363661383661386163373136643462653535623039
35396635373637356363333031633931393035376639653863323462363233633065636534323639
39343961663966333538396562393366343962356435613166333261626635306130663365313962
64393962386162636532376262303431333662323764653964666137613863663230663862646431
36656434636366663665646430386435313263313265623834316139666235633532323238663639
38316231356239396532346461303337386330653865383133306434633636336634666339353739
34646333303631333566663836393161376233616432363231653833663763336662613134303835
65366637303963363537663131333633323766613862356230376364303237346436363362663838
35653564646465313966386364336136366261373834653063636235393165373330353637333836
39363438383936343165636632393739343533396663663231363636326263653964386164396633
37666364666132396665646138633231366364366634636138386630346236383664646465336664
62383834326663316163643233363762613936333136303731633863613361356436383131633536
62313763633336346461366434393462393366633337336162343662393239396536626639373863
34393031353966636530363263303832356634356139613132313538376463643233326232383534
38386363373233663463373061303438353231306234636663666638376636653065363237666135
62336533343263653837323630356464653661366430336166626231316164393563633666666137
30623435353030336237623131653039373533343936383732376433353162626630333539396665
37353034346136356662306435306663623164313130656634616462393736366362653562386631
30303765383234316361323431653832326164666561306633366434653031393936366338616430
31303838326132383938373662373562646463633865613332656139303161373932656333386135
39353135636363323263343736643661303964333839343465383865373731383838393933326165
38666534363730666635333939303834636230323334313763396232366663303739346364323435
37633961393939396539646666643530636630656263346364353666326132323763353638303163
37386339386130323039353634393166643964393435336336316330376430613766643665326538
38336331396136353262663762396537623863393661356232303563323763323436373234653135
34396635613061626162393165303033616235663938396134366235383266383064366363643463
37666265653338333439653732646362623163303238306637616437343739666230626236323930
37333038336138306638326433356661383566633766666238633137663966373463323031353134
39353565323461386330386130396136626635363830326333616331356330326161393364373135
35663731666232303663623162303031646362383165303432663066353734623761646639646438
30636162393163363062643634323537653930313466343835326432323838633534363331656330
62613966396161373431383135303965323934663438346331326663613939333066656132663434
35333332333366666537326334643761303761303035306533313234653635363130303761306138
61353733303530353632666135626438633033666132353937383839323033633636376137386562
32663235333030386635333630326361363838386365393937396230643733363964316136656638
38306339666438643338666338393537396131323635636638356437316338623863616336623533
37643035613432626134323163383233343263383535343062376663666439663562623766353435
63343933613433323834666562633138346131626237346334303234303138346333313930646338
64666665383032356531326135363563316233393964326530363063333136376131303934343736
63336638656661336632353033396330643533313632306635363033613937333438346564633133
39383764336534663034366462306265353230653962356439313762326563393231656434643263
61616134393762383736633565383839326630393632383266316338373039323937613230343361
35623565383062613764376361663338363937633232336136666331653162376638373265633930
66313433623131353865323633346432393166643939326235666134316364353434613633326234
37333333366232376363643532306437353637663639623932613465613237363064633430613337
39373431383763356236313566653634653830343936653162373731653866613434333236663061
33656131323730653361333862316130623039376463306232373739656364633538666438373563
37353835616663626263313738313734323031636636363335336661366364623534346233376531
63323330346138306165346561393339363334386538343030656131626265323330643465633464
36316233653433373566316666366261373963303236366135646362346136633362346138316635
34643064376237356133626532396439323735323831326534626162343564373462643830353437
37386431646165343866396630666162623435333865373566303634646237323661643937333366
66636131643835313333333433313437663636353466386464336239356439653432386134303361
66613130626635376131376535313761396534623262313662363335393933663832336233383032
35303165393132336436396566373537306539336164336238643463613765363166663432643736
32316431303966633931623734613735323030316466356561346335613032666533343334393030
39316261313330646265646435633439323562336635313866383361663730616637623437336365
66646331656438393738303036376461343764303131623164636662636339343161623733313464
39623062353262643637643363663233656562643231363663356163366166633561613061326633
33306638613066346131356435373065653137633539363937623939396437386239636235346465
31613161346166303530636461323664643665356331366265323335663437646262326264616539
62346639356263666336383534303137396535613664663065663361376464306662396231383435
61343737306134666137643931646130643764633361376432373637356264376362363761323238
38613866313665316631303638333034313033666263663632663465626632333134393533643661
65373535383133336239386334363461623935336639643034363532303363373231646437383631
34623732663330333936653266333333363262633635363335346639303062613537303736623564
66356663666363356130393165396664616665626162653933346261383165343338623532363034
35373933613664653665353466663631363261613135326161323836323035616636613430373939
35633566386134363865363464353964383239653834356636353632396265666432343033326438
38326135356265613263613532356161303230383331636230343263373632326435343932626262
65316233383365653338316466656430383034313632333064363531663464363035363061376663
30616666373962306633313639633663333832333461333262373835303332343366386137666135
61306131336531633033376130343466626263323766623835366334653563396538386134346533
35346165343965646462356662656164383935326334326431366562363138613263633965336239
39326565646562363032633835656339643761366238643237313666323131383265383737386438
31333161643030343866613433353632663765376139336333386636623063313438653135333032
30623361373435616462343764316332616435323737373732623566363837643066626362313262
63633231356364663433323937353931383130303635333662396566353830313334646537306439
63646131393564366535393238363139323330303132333066396638343065326136613035333866
30666439336461623533316533303364323337613066303439363838386335656438333534313033
30386164363639323330393130626235363532306339386132386461653635393235663632386335
38633031303766383165353463623033643363633266653930393264373461386461636338646535
31633333373935376230663332663939353537623738623731373561346231356337386531633263
38316330346463643336633761356532353365336531333535633362323663316231653964343264
31356230373031663365626233356431656232373130623334313738616538633139383561623437
38316465336535323061643030383738393430303734643331336165636131303438313661363862
30623438356633386433333837613066656537613438623563333963303263646636653236653038
31643965323033323764663764346161343430306564386465663836333936653630316633346464
36333666376332376331376436373264316266636564343261393332333863396663626235333136
62326265353030373735326534616432303339356530346463336536333364633362383837646230
30306261353762326230623062316137393965353431306630376634626662363466623436303833
30666331653963626562646632643138313235386361346664323435336365663062386561373061
30383065646535373862333532383236313733333335353533343465383638316137393331396538
30326461343237643238363665343935373965363131396332333031313538323264303062323937
36336439346437396438616230323837646437613336363064386231663463643233306535613833
34373530366435303932313138626330386631656261383466356565316235376338336364636261
63336330326334626536616631333935623863653462616335303866346530666564643065663135
35663133626332346561636634343638373635316366663934623661646136323237366132623064
32636366663233616630643830393163613262623764363366343465313263336239393739363230
64386637663938363364346539396561616635656636343537356361313434323861386462616136
37333332336434313730326530623461346332613239363139343431353137393731626462316666
31623364303934636262666161353937396161653661323366366133396631373637326466623566
61643238653861646530373566386662386431656561333661343339383136663837353465356638
64336238393636616533666133613163623839373664333162613033646537326134393365646134
33666332613666303862613838393737333562346539336335346462343639346333353532663837
64306230346631363536313732383738336136303865313435633131303135636335363761346637
34323461666561356238626461323538643861633536663131616661343636313534643565636466
38326235613436656436613564386134353139383033643537316563346363616239363061616236
37663663363834326531346562313730346630393633393163393764356138643937323334663232
31653538366361393536316339316662396263366361363536333562323264666138363632346338
35616663303663623161336662663439656333616130653031316233306130653565636332323263
66383064306431333637616533373835383533393162313331373463316232343465323131326238
33643938393430613531396435396264633439343238343938386131643263346431663737323932
35396465343963633836303564396530646533636338393765623462396534633534343936376662
62633931343733353430373262646632373439616664363164366563343232353262333565333565
30613637396461646235636139626161656661313462323231353166313236656437356364353639
31643131636666373637366161336237623765363630643166353133333666373262616337656637
30623830326231633432326330313930323864396666346633353066313862353039323666666333
61613530313263663038666234616461373765343832666131613339333937343262666137323263
34303366383865666366316637396466383365336136666631353639636532316332366233343735
31356234623439363864346530366265316334376539646435393137383936356332373532333530
38313165663230366462386135376465366166356330346535306666396131323465373538666163
37643134353038646232303262356366353066653430316262373565376235666461303833633162
63303165383266336266393536313966363761313339663661373937303837306662353436363065
65383933636232373736353237383664313932366533653532313035386362376363633939326564
30343039663338386665396634643662633532366463353733633664613566333839383165356231
66336536343064393462643361376435306435363636363132343632653030393665303164336130
39333564613733663835313034386434656234366235613861366431353235663939613534363164
37303462363433336261383239343833376162646265373830393834616532323335623662656136
30323837393365363331326639383764396538336262326631626632383966656638353566623461
36643632616364303462613032313266393835623238303637356463393334393064636132636434
35666461336463653432633062336231343531646137643430376539336664336131656339306363
34623065666264613330363932366133333532383431646438633466623638323238623662313362
39373537653937336361393036626536626532333465306562646230303435643238356233643465
64616530623663353365666333626439326137383938616132646632323737663639653133653265
33323531323838626462333839343932383566396237353830346564663735343634303833386139
62376162623164343533326531616365373238653732363737396262383063666532653938306635
34656561613533636466663138356364616165633066653339613263336263653063346261366137
33343832626165346166383564356632316366633335366133333561356233616137373835393636
63383232323331653139313736626434626137666264663731303864636663613865636230316634
34366331643462613334616565373338613036303463313166343238653931396532306536363633
31313037343861393865396261353933383335326337623566646239363732323163653431323337
32633736393030363039616661336634323439323165333666646530396331343931636138386337
66306161633565633532356238356239303937313639313963653536306339633266643033363436
36336638363661343434643731633736653661343830663663656362336164653561383262366361
62336233326362303438656431643036633161373431323839396661653332333165346638626462
34363131636463346665333739636464336435393732326234373630333631303837383933363334
65613332613864616539383439343366653231313035396430666432323532616139633339663666
34636330386634383031626165343339376534613831623436373665303432653165363536303032
34343962343730373633633961343533613839353335653136346466626332376231663037363165
37626234366434336138333866633233366532353863333233633466323566323265373239653862
65616565303662656665326364633464393830383032303532313034376235653564666661666364
33316230656534363565663362663462396631633236623833623337303862646430343236376564
31366639353835653638363866336437363364636465346337663162323664343339656438323165
66326532346134353532663266303566336430653031643362303464343634343766396361323664
65646165333836393865656666383564383134643162333764623761636566356233333438306266
33303235373336386538303066346464323839636263393334363235373136336434616566363737
37313032303936663239613139393436383462316533346566323639366235633930353139656234
64623231313262333336333935306539613365353832353236613737633864376139613330643333
32323736343665366138353131666164333337316163616231396430366261646666323465343462
30323334333537356465323863613533653366376238643233366231633535396632393263323062
38633230343932643634353364626438306365386132653535353866666563363463653865386162
61313931316231633063343234356638383734643234306336366437376438363239376561656330
62616135633165636430343532316638353334396632643566353037656265376539326461363131
66616466363532646364633638343961306461343131386437333565326463336465353337376234
64346336383962326232643832613737656130613535656532373165363734613261313662383632
30343064336263366437383761343236346135613066333162386637313464343439346535373866
32373265643561313463393365663735616461613966633435373861623937336439653335613262
34343939643636633838633339636630333661653430613063386131336165633233306231643431
38653232636230383534383831383261363731386661323138356461383039656564636432626231
36363564333564396663643765633563303965616632643562366337616638383535663265613061
65316333356339346237356532366636653430316561626332613030333661656132616236373938
35313564356266343266313230363463383837393137643561343165323265343664623736663836
33613464616337346635656130623131623664393430326266386665663865333831323564656239
66633334653035313531336339316238313930353361363266326233396163373162663961313066
30656461636536303533366536386632666233616438353963313662383964353261363836653061
38393561323666653563383261633130313030633639323262326539336264626535343231626339
64366434383730333536316135326461643432643633383831633363343464376230653963643238
37303038396537666134373332306430333566373436663664383564303761326433616464333538
33346435386232323835323666313864333338303461623965636239613366323736346664333266
63376134323539666263346239326435343633626238653064333631306131643163623864316437
66623166626434306532306335323735633234616533303765626461303931363065323061653739
35313131333765656330313464323465386364363636333264663339333635333932333832643665
66636663623337363033323832333366326263663165383237343933613437383362646165656266
37366531613532636266646162646333386632656439343936613361376439396633383338356331
34396132626536393263396262393762323436386361366637653737616237356431616363313439
64386336623237343464316237363831643230346136353836663464666630306262346238633736
66616439306438373237616262653634303430323937313630316365353131626335393832396531
37356639656563333861326366343266636562613930333964393233663430353834343437396434
64623934646562613462333833663766333536303934643336616339373434643136636333623736
34323463376561336235396265313736353034396666386362343737343963653164353539323032
33333362376564643232616538613637303663383264666461336161393563653032656536366638
31376466633263323432613935323164663864303765313064623165396239653535393666653366
38363930336337613838626233323936366531383363623061643037376634633665623838643432
35643662623238363234353338316134616433333039653435353665323366636334633939393264
64316136393762373863376235333962353231323337323638316530633337383830333835623734
33666564376636356437383361353735316138313230613832653563653137333337363161323264
34376337326166623332643761306430636664396539336465303535373665346134656234383763
30383061623738396435383761393263396230306131373863343166356364336136626431623864
62326238333537383439316138653761316661663933343438333564363034663232666132376536
64646664633866383438333536643061386263396363393632376433623138363435323066313166
38353163363464616634336331663437646166363733333738646139323030633661646663353932
37636264346531643764346263313934313737336137613666656439653561376437346266323863
65613563343664313638376133326566323764666261386431306133313663613561386166346363
66663837333262393833333437653165343631366631646436313266656433306236666164326632
30623037333561323663386664646636653331326435653030393334333663623633303138386132
65656264313861316132623064353431396636313563346566623337653737393036303632313536
35643537373061313238656262376461336330303037323037383666306230636365396334346164
36313739636437346237316263646365336562653139306237383966616536326135613133646632
36303134336138356563383263623234363235333335326338393665643031383263313339663138
61623535356638363866366531643233356266313136663539613233643435356237663066623433
37313864346163613634323533336464663662323934613835393530386530363535333162393764
36633066343766393866373638636336326562633464373538643430316337356262323733346538
39633130346138633066636538386366626134393433643632326666343764393434653262656365
35373431636366666266323563346364656135393139306330633962376564656538343532666535
30333639333563313738653763376162663430623165633062353962623837303633373033356563
39393332626131633765326237353766653163666366343037633530376130626265663565383963
63326464396133656339316532613336323738323638613836386339323231646265663435333635
65663561326563366462383465376437613663386338393834623066363538643433666365633265
34356335343565313739646630306462346230303438373461343063616633643834333261393434
31386438353639383366656335323638643263396666363439623136663364613339666161333838
66393962386338633033656163613766303138346232396236306163636437656632653533313139
34303830393933373038626366366435306633633333666333373866653736393734656331316661
33383131323366653031613138623330356566613763626264393931646532343564373466376135
62366637613563613266343266333530306136313531616535646634366262653861303462636135
32633032393030653235366561353066383361666239313237663361326232333339633233373066
33323435653131323565633634616261326436393235343263353362386239663931383734613535
36616237643235353462343065356235646532326637343664343265633364333865623563363065
39613561643430623064316362626664306461386162653332363536396564353434366230666631
30303833386661323737346532356139623461376563306336353130333238303435346130376531
39646338393832643034376461383836366563383232646163313533396164646332656432616365
33313232353839393137626337326233383964623634626261346637323534366335326233363838
66366537383561353234666232666434363061643631333936303835663463383365306132376536
66376133653766653838356639656161393036616633303835656566643337396265383035643139
33336164643532666435393534636436356132633438373966323339626432316434643330626564
36393038393263626436616537666463316462383531633262333233326438353230356137303538
37663330366537363065623531356536666537396233626662376562363362646232393461613663
39396134333065323534636232633562623436613764323064666464303064336133303938333230
64663064353538363439393435643138623338383761376430313162323338376537383261306261
61383430623462366563383362306463343833626334376362613939343338386533623065613162
32393937653662373731643032383931326534373466623130333766623234653237666261383936
31373032366561663135623162396634356436353566353736346438303165616263623835303839
63383165643766353631646337653831646434396438393839313237346334636538613835636265
66373230376133363531666232623132313930316535366332613039336539346466383864633439
65343161643861616261656539363166613134323631336462643130373333656562636335316630
65636432313539623962633163373137616463646366363163643837333637663461643864326263
34633566626463643535663833663839656362656135393332303735326139656237653737386135
35343464666138323465386633613036343265656561643838366461313934306630396630613539
30663563383963343063346666376635326361663262376332303238363266653934633030646361
37323233656433316565333361396630313864646361666538646663346632306330626466333434
37323930333133376138613433353861326636333365366564616434626361303031346439396333
34613132613239393137343639666236316538616664616431343830303032393566626365646164
66353536353435383432373038663839363036663833643439353539363431393834616166366431
37346161313465623063363936333734616534643033616333303164393262656637333339643462
38373937343237663138623433613639323132623035626438336463666235663131616364356438
62363238303432383930306463643238313536666333373636333762613862326161643138623865
61383462643232623634643338653531663239376133363864313164393535333266636237343564
32616130373563363637653534373064373466346130333862623338663964306238343536653061
32366163343832343730646532333936323334343537323564373962643438613233313339643336
65643337616238653534383636313661323761653031343330366461393664393130373962383066
32396438353732633737663730306337663966343864306363383536366238306139646263643865
63303731366337613535383331363663313161623438303564386332363465653637366234343039
64323039366437393135386663353131613638393566376537306365643065313362383963656463
38343239653834666365393163626535656230623565373434653662643664373837333065323661
39623439386633613133633261316663343430666338616233346663656263393066373131313330
36333561633030383166356361643938386636333437636337373262363131353039663461633962
63393463643362643436303534616661383936366435366438653337393138346338393038346434
31353639653634613630643339316631646335643330633637646361653235366139353065326262
37356632373533333737616563383865316132303161353865386135316463366433343061373061
36386466356536646538613732323132386636373631306538343930313331373730656438353766
35653431373238363539653035316163626134316136626438356166626463623335313566646162
36323037333233333439366135376137626133353462646439653932396266306138316536393139
31333134643633613262383966393361613434396665616162623332636336353064633333373464
63326461613333616536656265643566326565383265376563326331303133383836333533616466
38646163346136636361623130616238653835346237643261346262333534666463306364326466
63643933636633383932643936363232653332616465623766383236353230613265643630663935
30626236326362616266626236656131326535356235653162653838363363356363613232623632
33316439346164353263383934363762393538666432316463623637333131653662323639633065
34323965353439356663356531323738396665386564353139386161626537653032646132363536
32666566303061373739393733376637313261313734646161646366353864326438623037653963
31313635323437633531373938386464623764656132383531306330613463613535353338656366
35333530333338613831383061623463383336626637386437373036306639326361636538633333
64363133336461393664623335356662343266376436353262336431626531323464346332343335
61613530666434386336303034313932356534383836383837663463303963303232333035316661
61616362353538386264303564653237323063616632386366303364353964613336396431306439
32623834623338346561623762336363343366383664363764653133613739666338646136333863
38346138383831326165613965383938353231376662643962643338613862386338646433336264
62643163363236643331656163343664653364373934383761656639343736383936363132613739
38376230653461386330623636393861343138366434306436613163666634393338633737336431
63346261633935373936386136346164393439333937346439646137373538373863613732633164
31616639336634313531653931653861366138386136323666383930623161613332623638643139
35656634613064636266656333333435343961383263323862363265646137656438326637396238
30633862313039663134376361356238363634663832313162633832613932643133383962303630
64653163346337623861666137616561643661636639643666353066306565383330323332343863
64396431666661613935363732343165376537303935313638663834326161363263633739353430
63376265656138343239663139643333636433663430356166396335633865386533383963333637
33633632353861376364366566376133633735363465396636366433376636303866383731653830
39643166386335343334653532303933396266333866313830393136636234636564353132633861
61313061336333383635646337303563306133356532656135616636373162323636353030653837
39636232393463303361343065386466396532626135666166616662356230353531376532383537
30653063326631653836356433313730646137383139623566323832353234616663653530373939
37353830626433383436313334343430383862383965336531613539306337636339616534383563
34333761313064366135633435353433646233306139616636396163303964643436313739326137
38653766663235353566383436336436636363343361376239386439313762663931646161326362
30626164623365383666626562383964326466356334616464613661356430396338366133623932
34393637376134373438333363373538323435303566633139646430613765326665633837316666
66323831326263373738613338306231356266363630646139393363353762373563333536326330
38336637633761323337386237633432353265323238386565646563396435306536336136333530
63633137386362313630343461356261333862663966636135663231363934303665343635616338
32363439353839626435336664653134366136643432623562346538363561303766336266373363
30316361313136366137306636396264616631653737366336613939363365643530363165353236
66323962333036313338633530326235663935643866346166323938353963353764376330636465
35386561393566363565333463636165383361303538336237636637633161366436666432646230
34643161666338663630313235333038353163366435363539663065363333323537653637316630
35666338333963653833646662353838303862633838633336306563626537626637363566393930
37303166646135643032373861663939323434306230666532656130373138366238313362623838
66333936346464323038323962333632643362373163383335306238396638326237376433383663
38316631373530363439366436386466373566366464323838323533663731396537306134386135
34623761346434336632653937306665316161326237626631623831373465666365643538326137
30393333623330313137343438333934633566663432373633316434633763663736396438373865
30653364373466363061303765363065306431333236616231366165303666336536646431666135
33373733343233376131363832376166653038316165616565636632323262636565303765306163
34343366303236636466366365613465333361643838366633363131386539336362393334306363
65363835643765343961363033636364643465633539626130393539343334366262656137623366
33663533633066393665343435613838393335326437393066643365326263326530363230343838
30313765303439313865363764646563643030303239656563383334616235306462613233633064
61363331653166623234316263336137386661303566306361396233313036653233613330373737
37353965333162633734653366663635646163636231346238643166313636386662393237363131
39353133393666643533396532623139366338323834666464303232303834616334643234333835
32656461653330643733353065663339663237313637323038626137613766356230356363626433
34646635346630306332343337653133306263616230636334653036396237636430313138653266
38633135356430326134666464303137623534376339373962323734396637343333626330363962
31373865316661636131323162636136356262356364646365373034646239363632623637303464
32623731353761336432666462383636303339626666393137323930343861646161643434333535
35316463646363393865653363373136303930613033633866306136373338306636643732333433
65333537353564393733376565663466306438303164313838313738306135386232633837333463
62326530376239386437303933363666373831353231346662316131303637663435633962313863
34623366393163653032346534353362623432386262643339333830313832386263363763613034
34303632313461613132326461373465373865336165646366326262613564623834353433303333
31313732313764623861303339646235366265343037616437396336303931396235613263366133
34376265623663333530353363393739616330656461646661356361616461666362336434656632
37616363303230653232653730373666656639636164393138366162306530643862373762383865
38656437336264626339613136393363333663346634353836366431626631316337343661613461
37353736353237653536343734353437346662626431663237663562643039343837346536376464
37303761336461356339316661623261303637333764613236386661363765333435353363353364
66326663613735316333363766356463303163386333613734333435353033326531666137633462
37613733356466653530636338386265613964646639626666333863613532656334383433643735
61663463346134643631646431336432386133613866316437396561396364393364376563613635
36633931633434653435383232313134363961656334353265636132393161626663303132393335
35313266653234373438653231383732376435636536383332353661373038393563383433643466
63643164666365656465633665343934313565373434393938633236376265323466323338616236
31343566393563623330346162323465633431616264373535373134373636343866356564656337
36623262653431663831336432383431333430623033326230346662313430383462376533353537
61343434323563616432613035336338316266353261626662323938626331353135636665636432
61326465343364323535386633323833623636363130613830643736383531643737323436336466
64656665373733356262303137626339353534313238633535623265616331363437333565346561
61623533363861396363663962343839653866313233613831383639616430363131303763366135
61643464633065653535346563633839663233623765336436303237346364626534313133393533
64633864383865353531643635333137643437316663333861396335396262643537313566376337
38323063393061393338636130306239663239323033656332343162373832383731333537613138
35643834316236623636333838373431636564326130393561393863333234313333663538666234
66613961643335656666353732633931363137626562656661636663393166333337353964636131
39373638383932343036393837613338653333373735373466363133616266396433346462653962
65643366333931323462613230663433366631643765373462633166396637353966666266346463
31306632636462633338666462303265646262306164666262623634613162363437353233363565
37343761316534643866313662623636343838363834343331356161336264663663663661356532
34626435343034326537353762643936356330343635323162616438663133323637386239323331
32326135306539346435616233386637336632643065343563633235653765663036643435653865
36373563313235386432353832333438663238396230616663626436373463623863373732623539
66653561356638663235393762646462356639393731333934356438396239303165386439396635
34663462373462343763376335333661616661313738363861666466646264613764326366653565
35386338353035303336396332346133316430343039336264363030353937363663336632383731
32373630383135323432626131376164393134613264366536656437613664353237306637643565
61623265366431333838383332623939326266363037643232303064386438363366623831636634
66363766386363643861313562666364363430316435333364343038363834376465336436646161
61356639633334383164616561666432393339333365666362663766646532653736626232623836
30646365343036363736313162366135663135626265396336393164353162373637333065376131
64376436643536323135343835623339353063326464343433363735383835323765313465346165
66376166396538303064616166376361346237323162353166623933303265393032663939633166
66323564383835626566636664333539346561306632633435303139356331373866373264666636
62316466313463373231633866616664663664366437663638623134366235303762393030373136
39313738636635366433633234656339616134356666363239313831343735313534646364623163
66383236616232323164373066363561373537383863633435313139353431363161303231386265
35656632343530663736333965326135336239663730653066643232666530366563666535336339
63333637306564663837393861316663363530386437323330613331633061323836323361633962
61303639316230343934663438363530633961383835623438323138343035303635336439613636
65333436643639653230393962383238633336366666316333373335306132393730343764333763
32373735356665373566636637636335303564613032633163303439373164633837316266633261
38323434343432633734373861656234613566383132333237343563383863383662346165333663
32393238353938343334383833303866623162613037666331366366313439653531636133393539
38663630303366623733333835346466366636663062343935336539656362366539633563366438
39613531633738353863666638616633383634653235626132316162613165313932303564373031
34363934643230363339663166376433366233383135306336653832643536653634373639316334
30656438626561626461303761373065633535613161656563333030666363656165613362333064
36653763633331336638633464666530643665326535356333333832333634356530343637336633
36326437303761336633313438333537353031366263353436363430353564333231636537356361
62323366393533383831393831666135366436663435376331636366663765613137313931383964
33386231303432346538343161393365636531623936383537623531313538376162636432666563
36626266666664343931666539653132663666393963396465626336656333626164373730313238
35626533633662623266376134623839366564633935393166633466393439336639626238313138
39376164336664623864383263316534633536313331366631663939323431653536303539623639
34376464306638306663656262636530626639326133383964666561616364663165353266373462
31633737383065623566346463383366336332373634393338393238663938306166373634393639
64366235386264623131333333633061336162373035663938343363393830316534393935396665
64633761653338323132353663626138353333646630353666366463666232303030633737306531
30663737316131396666643666303661306238616437386265363864326463393637656232303235
63396437353836363434653430313065626637353434346261326433643638383262326531666438
65373638626638653235346430313537363038626664613237363839666231303063306434353236
38623835656238393538333165323066343266333361323664343265333532623163653364663665
32306166346534306364336232303538386437323863643436356530313733373935353234653233
30333034396238383661633730303034663637316461373932323837336565633335343664653561
30316536363730623432386666363034626365306364633965396565376133393130376335313765
36643763643161316463353263353733613964373532623166376535653635633131396364643932
30316164303136383763333065333161373035646534616232353165646137326633643165313061
31376630636464343133396430636533616666303166633331353036393738666537336131316538
34303939653862316165633463666333656339353166316634366536393965383234613834313466
35363433333039386533623830656230353365396361316536303837643531353164383066393732
64393031646633633364653932303766346163656330366562303034326166653034333166353465
38396139613239643635333832376565363461313132353835373134376238666639306462633562
34646235616335333131333537393362376663306331383966303630643736616162303065343637
35633861363139326230616466393761663336656561653038613932316236666138613431636534
37383566303036323765313264393265333633356165303563363263353539333939393932623565
36663239376265383032623436373063643439646235343338333335316662653130393236663032
38393561353237306533613533623931386331366661626639366238316262313263303439656137
35366632323034646662306438343262626434383434323162646539613536316462373964383661
62383266613039663333326463373336353739333335366537333335616633663331396632313561
31396532396438333338343963303663393834353866653039333062383033366634326464623364
64323763353130366366373564353639316161373332373533383761623330653864376330623863
62303766366135663266393039643162613336353166666438393664363462303037353130636134
39656362666332343335656336316331666164386265346262366561316464633264373363616535
38383864376464373631353632663231393533616337383836623735636462336533353864393032
33323662336361303263393762393536636139336563393361393338323838313130626364303236
63356335323261646333633938393333343666323462636331313833356332313834653138376231
62306466623638336535333633653136656665626464623137343966333136656565333134633533
61356438353734343665616665366532663338336639333331383162316234613033633666366565
64343934626366616135613932353364643661326166356534363965653632653761306165616566
30323162386163646239623635656134613737613434313963346339326633336638356465646463
32356433633536333964373361366465373838613063613162323233326239333933636265623535
31306464363539646639303936336364653136643163363064336164353032613431336135373535
65343535363061626263616361653161666663383733356238386539313633303837353331303165
63336333323139653561306662393732626138396636636432643130613462353932633232393362
39653439326436623233633963396436383165393365386661613666366230636231613064623934
30656136656565663031616238623635653133633762323631643631646366396662653661306334
38323837323234663334666331623730343466666338613639343361373338373336366162653463
39616561393961393038646438353635343836626463363932636431643032656561623339333939
65623462363332323964363635393132316130663834303531653638636363386231346636663933
39373030643135633465376639623364333039323639323137643732313964343063363935343961
38626533313837343166333136313135613463656237306233363263613764626532353139363163
37623964323032623134353230393934623565626665323062343765323639663962663839653731
32373861393936663066333139373664623933613236383931396232316636616131316564363632
34353337626364633230333735316565636132383632366131343132383865323866326237383539
39393563626264303333643437393664623032383933653138663234306139396463623064306231
66666134663132653432666563643664303664633234343232363232353830366262376632653335
66623730643462336361633831393266306661653233633331626437646434633262316134376562
38303664326635626334626562306664303038363535373963626563326630623064346533613565
35643664306135626664323634396562386437336536393562353937336262386661313939656161
38646462653666656264396662363965306539396530336436326332316462396462323864633635
61343065393865633135383039393163306665613066363862346232663266356535626364363531
39356566613935323566363631303865373037396466383136313533656534366433316264653963
39386238633732643730613238646566653035366464303338626234656639373632366363376139
36303262373238386533393139333164333863623832336332346239313364653334353863643066
65656231666430663232363763623063396661623062393137336530613365376462393166613335
38303264376135373261313565653634383433393232656462396331663464316636326261663538
61373135396164326437646563666134623730373737336365346365316163623164643538336662
63393332633234333664386563343835386664633730376264633330356533326132663631303331
34386331623834376561616163633437303166316566663736613134373763646538633238383131
64633561316263363462613130313935636364633764653932636631613731626633396338356636
64633566316662366236376563666131366230393133626165333136376530316239393635623439
32643464663063383930363661613836353732393638323063376431643662393733653331346532
31363335346633333336383239313638363963666339663930646238663366646339623865643938
65386434656664646464376538383566616639653432383434636163626662313566643838636531
38343435313132326138393364303334653432396333363936643838333734383261373834323161
64333264396437613361633936383366633430303136363431663661313135343732306135353232
64303061616266366136373562306135366534653336346636393961366339303861346436653264
31613435643235653930373435313862626637366232633337663935333031383063346136623231
61663739623839313538643265666337663030363131356135626631666130613863363163656537
61306563613533393738396365313036653035326631663837376563653834666334396165386639
62353364666532323731346238393831623964313536656566356661343333666533653065386666
31613639666630373161613066366237666134666361653234623531323639316431616131653836
65663839383533353237393931623735613038653863306339393963623535666464363138393662
33636661613437303335666132346535623561653238326164666333646438393062656665616330
30383534626665376332626533376562666462393866373465386665393339336638653161323230
65393936353531373065663562656431303932616639386435646137396561326539393437323637
32323139643663323665636333373134643337663763623766333631396531383536353639653836
33306166386338633461616433323937643830336431663538353765303636313337663261333964
33643265373731613135336231653535393561353838616339356565663630613532386531633163
65616130373736373136323537353933656563393734393136623030663137653366353430663036
62336330353734613065393138313631343737653738363337303136613937336562366665326536
30613030656566383636613261313830643037346632383263636539383839663939393762376435
39326466663231336166363835373833393439626137323932326661326662346532666166303663
38366464636236666462313630353633663230313531636663303437356331636563633730613565
38346464346362353665653835653539336166316237323732336431396637616538356136363262
38343236646230383866376634396261616138626562623664323631313535396136643666636334
66316434393962613035366234323337373964323065636630396331353930303662373438316332
30633133323232333633353431376562373762646439653465373732333332393864356434333363
63343564323736303638303361393631616339336330633365393764333734353939643634343663
64646437663761383261333538306337303863373766633233393234356438326263353233656663
39386562323763626533323535353535313431393834373661613336633630346164656539373663
34633838333564633866303035326262376664353330333062663339353738656363616338623233
33346132326332356164636436633839396634353632666532323961636130333238386235333636
62386338376664343338643763633064323636623439363964373836636461623437623339373062
62346234633665323130363435643132343635643539393834383738373962303935363166316336
38313265623333336661326561316462613038646131346463303237363766316639323866343136
63633864386365306438363864303638643534306462373561633566626332396233656132343637
37303365333937373538623061626632613766353838653165636235323165346535646132383066
32383364636337383038663136653136333631306530316466376461323465356630393233653635
64666362346639653330653037616562383430633565653731333065626333303431336539393866
31663732356634336361326363616366316361653963303061313739313264393563396136626163
30346532303264336139373835613639333734656235346436383139336130633236636437313635
39313766303533336365303364306663626533373965613230393436623865323431616337623831
37353138643063326462323335613437653863656163653865306137366337333538363634356332
61323861393964343963646635613136636139643862353538366661633531383930626666333261
34656565396238313363313439383035653533303035626630383866636364633734373937326336
38373362643337626362343763363231623531646338653261633935623635313732363735323061
35396561626538386565636237363534363361623862656362666161613931333663653634383566
63653632336432646165633463633336306338643761393462383332346439383636363461656233
35643666633831373636353136353633366132346266366466396538326466666364323936346261
38306564663639343365393437616430336266663766653231663632316238653966323432643761
64616339323762343931303763303364623934353963383330386363383564343730623964626639
30393637363637666431323766333638353238336163393533303134643033353332306630666363
37653835373236336266346463343830653830633732303466346430323538633132616239306239
66646438636135313132656565366537386536356535663062666534653363363030616332333433
35353065356566323737656330613039363064313138303534343633373432363832363532343332
32303761306338346266656531666564646661313665333837303765393237386137383633636137
39316137333462336436663966643130383938616461393130353461663534626261636333393135
39313362636464353963306533313562333866656232356139366235383166393463653066643566
63643830306137373461306236313233363864643632353837643163653839363565663239393538
65356639616535386230383066383862623166323364313761336535363434326634373135333936
30613031313063656434346565363830336561346564336132386534316265313266623337303236
66356330346135363931353663303962316662363339363431396438343639623866303733396335
36656430313761313638363361613430343934613138633631653733336232363262366264653431
65343035663366616335656262353163343837353361313130313061343765393139636666323239
62643565393530633639323537323631636236303766323063313632653764623737656365616639
61666534633631333936636165663337376232636164383434643566353165383864653762326464
61613963653838316561383938303363323863363336376532386334636639613264343434343337
39666664356639633237383838326637313132376465373965326436393934303533366638353965
39316465356464613635633732313733636536396263346130653236323463653365346464326130
36343861316162646537613765373066323836393338636462663137653535633533633930343439
37396661643961666631636562633134613762346135653035616234633737343866303435356366
32323633323339653239346262323238656532633038363462646639633262646564613931323161
66316662663637323566646432393962323539346436353963336539333661326366643964306130
35363762653064656234646466636564623165653435353439386466383832646163326437346338
37643732643262363065666130663934323665356335323930626432373461353236396132623734
61366331383637366264363465633035376163626466353736393162323139333337343137363537
65306566623030373937646365646234326530326130303839343933373034346161383464373763
32363963393031306165646361333731343232613663633834656165363537303933323362623338
62613836343365366463343837633731653566626566333266396561356330643265646363633561
35313730323138356138353563393337303533656638316131613533626336613039666563313139
33353932326162363838313232306533636236663731663739653234323839613061393662373464
65333165626534366534366439306236623066653762656262613534633537656435336464323032
63626662346463643663386134346532356631366565626164393733613633336432376565363831
34316138346433323763656433396664303636366336303434386536376364663139636562656438
61626539653766666431333733333738623335626532343938313730393330653433663035353834
32663935666335383139643938373465643436333232366235343362393332303035646362373930
35306134646466636435336633613733623036326435623165626661356532323764386636316466
36306462633832363831646431346663626133353963323736386436653033626435633962393136
65623565663732613039643335383633653931626134646162373332376638323863363763316336
35356662636436383139393966613562333737313938386566383332353039363738396663643565
62373965303935356632313633643437643239383837356166646162386232316439643836323465
61346463313034373564393838366439663533636537666461626463336538643632643465346436
65666639303836303137353735613463643034653435366438313765656564343330626634343831
36356532643563306364633865396634313037616565333835626534353331623465396634643533
62336561303635356263643732653139653038353636663438346338616239386437306365613661
61393439336432353739633637366661646561396361656533343963646338333139633339323838
66623663616233363965306266396566363963356431366430313336613631623733643434363736
37653463633832306263366232346339663664663434303261303062363332326135316239393865
66356138636138363638356435303138663566346561306339636336346234633262373937663238
66666566303334373333323761633630393732383264653862353736633436383664396230613835
31626265636436653961363532346266346239396362386338653932646234346661366162616662
34666235643064313939353564653335623935643262333362303031636434616336386336633838
33326633343835343633636232666339333363653039366230636563373138323738323965663237
61373330333632396137326262373664656137373331613966373136313732386264666435343161
61323537653436663365333832396566343734643563393963346237346132303861316133666566
33323236323338623263313066656538613562353865383161626336396438613435633536343935
62353633383265346666316466646637393164313439346365346436366235636163356461393065
61396438373262653137636262383034313863653937313965623232346434313033343430343130
61323138356231633662653233316438353665656432303561393236656463393035386661663964
34326564363235353031326134313532363036626366616663313136313737363734386435323631
33613266336638333832306665613366633838663436633631666333396237383530646363643732
31343031613565633434386562653034353231333230316535626139326433373839616534333831
30333362393936343737333732646430336334366530303537393036393664663261636630393138
65313130353162656439353033316232353766613431343736656431356533333762303436313264
34383163643436623764626632366636316433393635373162633438396266393633363366646634
30343234333364333166303134636339373335306231356434616363353636623435376139356131
38373064663262373238366165613931636532643165666264656539643366633536643739626630
33613738636364613932653331383932323330643366383532646236633131336232656261353537
61316336613761316536373032376666613433396665393833613236336364346164336230336436
37373935396435313839376437346137303535306131346436626266366162323366313162333232
36393665323061633635623931383432346465623039633861306533313635643666636166366530
36373334346162373038646265663733363034646366633635373439306366366563316239363430
35373136356238643233646266333061373464623437396565646430626131656335323234623866
66376666653762313933646663616166366363373439313064636134316133386433306636326232
35633138383165646661646464316263316564313531336362383135353537356537366538303735
33656535323837616565356639306538343238303631616437343965353165386338376632336465
39343330633537343765373034616565623461663062376333396264653064666432663937343265
64613532363630653439303937383133343037623533623136313863653232363332313835633065
34393734626530376431663163396138306664356266663635306638656537323033306239633063
64366433656633336637363663313935373862373661306336383263396134366139353037313736
31366163363937303233346632366637396563643336613061353831303063666661386661313130
36396336313236646131346137666137386437353666643034633538633133616434663836653532
32383236663063323066643463386639623937643435623866303061376330336561653564626231
35666163353562613638383037643530323262633737306134376239363434666432393163316164
62326337663962346561663763303161326662663731333138653936386162613830623638643339
35373631366238306433343639313566343662616431343165643839613533386236393830396238
34383661663732376464313838646633643564326336666266666334373164303139316430313866
62333566666237663139626633396335666237626637643766626436333166316631363332643663
34373136666365383963643033633132663361663761316639393463313234333039613332663861
65323638336664653237636162376566646662343064343132623564383662383832633265303534
33326338353461666237663537636466623731636130383563303430623365373664363936306362
65353161366531393438663166306564306130633032343434343465336632386463356630663239
30386132373764616363393332636131353234336138386435303937383965353836666533316635
62393734613534363966353230663832646131353237623235373064613934383436653965623836
37653561376538656335303365646538663034663734386637663837343932633531383039393730
64393833633436663263626332306661373666386662616163386465313633393332326432386630
61363166303535633365386334623166393265396433306133373234306163313231383830346432
36343737343539323438663837613032303434373666353831376662613337356339633062386432
66306337353063646233346534363465613362626234383131313133636430663632323035323634
30626565626264346230326233643534326661373235353666333063373065653831303161663635
35303334363164373437366261623231313864663734303939633739643463396631313564323737
31383439626365623431306539663364633731383066633937313631613265663833383261383164
38313030393065353534656561313538653663613231633330383335646534393532353138386330
31313962623564323266653365633534656236643230656133303533336332356337353464653566
63636565643563323435363038313266316564316132393633653065313138656234646633313035
64306365626366303139653430363434316165366335663730613532626161663635333766633265
39613665623737656139346466313364373636356265373036323938653830366137653262373265
64646431333232613161303962663931366163343135663564323863623936626339343964656264
30633339353164646339306264623062363262663261356432313062626136356661663939303263
33366135313261376239653135373135303732323061343163353037383863383536363439626530
31353364333864386436643265353065336438663133623166376662653363346163653436363135
36356264383263343765336535316232616463653337616463383461303965393361646130636336
33643237616238633138613735336564313361633031303132663862643764643937373332373762
34383839366265376539653564346234626433613731323166323138643237656261333065323937
65396661323932646438663136646239633165376239313961386433653434353834313633306236
34366137623734303633373566653632346663333730613864333137326237363966613964646637
65356263633031626532663736653033646338343531656635353166663133323437643764623337
63356664386435353437666535346239613433343162626561343666346361343663303435663630
36343363343234343566356434626562363761626631363035376135376533306666393233316465
35323466613363343834383538386130636534313335303033656137346336633934323961333130
39306239666131613332653763396632376561303236656335663431623733313237363865316436
39353861306238646266326539366538386464626430653231383266383439643265393433623235
37383637656534643535303433613539373963616564343134396364313934393832633465636237
32653337386634323966373534373432363437306136393662383036623466393831383132386630
36656132656163333864366161303932326265653766663538656461366638623734656435323734
65326338346538643931313162343532303835316439623633363465366333303366393433616264
34333536336435663962663633643365653261643039333961383262623966333564623739313965
36616538666135383038393232333064666465626561663434643331353563626534623634646363
39663631653034626133623636623265643233666631646662383833326664366465646434326561
32386564396564396364306663343066653961663139336162306630623562303166646635666532
31383934643363393732393665393639663831643833393836343930373932353961393864323161
66356266646238326463646136666333353030383632366262613664626530666539343039343234
62663438353566346133386439346430333461663065323662336665373662326466646462376131
65303532663334313436623236363339666365333063336435373763323436643635393463313737
61323765643037333836333864376462616563633737346339343236363735353939653132383663
66303032346634333865643866333139396335313836383931306265383938383434383136643662
62356338356638393431386331376337613464613630613933316339623961333333386534356632
37613936313638613239626633613236313038336135633365623965356530643432633066303233
63373965333232626639636237373433346461353764346336356233326262343630326163626663
65366631343134343965303438643335613165306466653130323261386166333132663861613934
32633030373361366530323165356439356333336130316363313463623030386564613339343234
30343231336631373633346239383530366662396132626561336537653638623339316131323663
65356636326131626465306364643233663139303564363961323266326538636339646630363463
61333638346565623061633263656638373333666465333566393330613362396166326537613331
31616338323630353339653032356438363066643165343239323562353830373634333966363463
35343061323737623936393763653266643436373264656332343938623431353435616561313563
65313561323562323831633261613130663664323633376163613232363832316234366337333231
36356366313666323839386561623166626165306531636539633963306434376635356661616539
63306535363432363432613931323739343532346633643338383731643164393135613430323435
37346434356263636463636438643664306662353138666436303737643837656432663135613766
36383339326162663636326333383931643339353032336262343633616563393638643966323763
64386161383664373633613234366164643866333434323266666631333937643165323139636332
39383561643261656437333065303339353766353233383961363332366334303933643166646365
32376261313630366537383461343035646361346332383732336432376437343938313535326631
33653039653633376363653639376336326634303335383563373163333861336662346138353139
36633464386562323930333536623630323962623562353465656461653364343035353634636635
65386233363566633165613533323761343539636166373862646232666463333234316336386366
30663434353531303536323465366262356239383566356331316166393334356138636466626265
35616532636639616161633930383432353266663937313431643561353039393865343731643664
39303737343630666131663561306138316664393939626432346334323136326138616164396462
62393966663835303231353865366139363839356231393537333036633639333538613563636337
36663633323234613936373431326336306462356264366166663231663361653038653764333833
36386334396231376537333630366636376231373466613837326435363435653962633039653232
65303038613731306437663433313063376166323931303035663136333932663465656163333837
34306636303762316635646236316534363033386338643137336534316430333332306138643836
34623633366563646636356434653865613364303065306438366431666566353062623036373431
39646333663031353762656131306265326635653464383465396432303364323039336532303463
32353735663465393937326334383366333530396662333733323864663839663133623135373335
36366462633764363065633862303462623766363039343830383333333761353038313366663933
62383237623833626132383038356331656636616439313366626663313266656261323534373063
32393932633734373665326665366137343534663837653965653463323336333530616466353131
30646463336565363834663930653039633632323366636664373734303434383462653366663135
62663231316463636130646664393432353134373732316234303862373638613866373730376463
62323837343836343539626364353866343630646536356665623234333531373261393738346336
33373630643564613831386633343331333463393831633364353737633962363336313936613636
62366232343034656562313437343764343732383765636537633465383539303535343330323730
32366565646162373135613336663065643133613139626535386466653731353833363564646430
36356139653961366335333934656139376135346530313734646561323762666134303165386239
37313437346631356237656662306539626437303864653761303765386264386435663764643630
38633738653533366561646463303461643631626263363933623761646136383730623431613337
36323833643632666164383637303330343430363236346637333134623166363861333233633564
32633966623465616434316331383266356531393863623035633934646365346339323032633439
31376638653530383437663635326431336166346166663035646630636161326131303736303637
39356563633831636434333464656630333439383566313961326431663666626366393864663830
33626339663139313964656136653537376264326463336333316135356135396430613437336632
63373466303536623734326665396363633834336661303230633539396162633232633738353466
63316666313737633561316635303237353231656666393836636365396162316662666161623634
35313337373636306534653337323334343963386532393436643637653236393765643236353666
64653837363530663465653361376266316463316234656234363939653932653435313663653562
30383338333039356164363665643133333231363330663162643230353433356662633730616266
63306463633733373432626437653637353038336463653435303162356562656465616665303564
30663737383832343637633138343962396666633033643364623030306334376162346433356136
65353762353030653866333737316538613762633036373663306333626131333539376634613736
34616136353463376331666136666461316335663133333561396562373837366664356132363936
34356431653364336236373137363763653038323739613166653765636331663434306532656565
36323661383064646534646364376631656139626234346131623134396166323435643461373438
31366434316464636434646233363661663666383831616663643737316233356537393136626430
65656332396439666431646230366635656633616563316162313165653931656331313337366535
63326430613931396635646137373736336666383939383034623766363435623962636537343033
32663432336464623966616362633138313930353930343230613234616366343039333930396565
30376234653839316666386361376235646436336464656335643665666236383833376536363039
62383432363562666364343838336134666365393364326634636236623565313039663365336235
37393833333634333865393463353563653036633762643136303430646564383365663466336632
34323062343261383936326461366264333738316532306133326638376531663363613933363666
37303433356563646538623436653830363565353935653136343434663430326238613539646230
64363062616334306231343464343934656163306565393230393463383831383339663662643265
30613165653736336462323862623338356138663033373437396564363735333336373064316632
64383237363235393739336164303636666236343834626365303733366538643037373737393263
35373564656438393835383263333062343036333134633631303638343266376235666336313561
31356138636361353230613664613631386431303165303464306636333830633235616538383266
66303536343036393630643337313462376361393764386266633362646432663032383861306534
63666662313666336236623366666561393361663230396264386632366262316533633266396535
64386232353264303837626366363765663531313230633533623634646235343661633665396235
38356234376265666235323538356339313762333933613338323436643166333265343463656632
31616466393633366539313336663866373737353135393365323130656561656434646465373839
63393130383162333261636566616538663565646165366633623966393133333663623434616233
37626362373632353037653965323462613866643737363162643832623832363030663834303538
65303039323238356332373766323130656535363863613131393137313438363566346461366161
38626464336336343239653764643466656330383732623037643762343166363639656631643433
32623661636130303336653639363361663437363262346161656134343338323737656134613234
37326166663061376230366462643761306162386565643233373230653230633365343739633334
32323735373034316331373734633235366263353235336663623233326434383161363261666636
64373331393138383065643138646139313934386464643537376232383639386137346237653262
32376132653164323835636366346639656233633961336561356665373835333330386531383061
30666336613535663532356431653136373765363062313733373031353039623261663437663239
62303436653133633135313135626165353362323332366566356463613134363831653639316334
64373936633538363261363465613937326335313366396362353430326536393863653037356235
63663739366234636565323335316330623134656461613737613532313239303833633038313662
61383937636139366634666530313464356262623136313536643166303931663534636363386636
63353663623138663737373962346235643337336263633436316130343135313063393434383362
30376232376534316535656366336537626433396234363263623663303461333934383362323061
61633139316635373239623165616334313463666530643264366334373765326365616232633063
65306434353539666435316265383936376330323864343638663061643439336237653563306165
62376563653666353630323338303438323536373732633637373031346335323935363166386463
30396336343036393030616565366461346666323831393334663438623534313138333464666432
32396234643834346464346435326239373665663462613439643464356432383433316166343466
66303836346635623932333266636232666265323836373663343534393130366534646338313030
31326262303136646637373033626630613963633366633364323262666465623838303332316135
33626437356638366339326435343034333830326439376338313262363730633731316437356134
37653734326564313636363663336131363538643133383363643936303862663863613762313435
38656433633337306633636664343833346461383434363635633164376335636661333931623237
32326365343632363236313630306438356332333135326466386230393863646135643066336630
64306461613337346333303032613062336231303838663333636262633262616333306461316439
34366334633361316132353435363535633036313261306330303135393965623930393137343034
63663565363964373262326439323531623737656638313163633238303732656432613163313135
62666135373663653332663136333538336233353031636530383730323935626431356139636263
65306335383834396165633366643862613639623835613839623264326664306530646633376165
38363263653432313439643639663430333964383638633039303334323433383936316435636237
34373733643532326438633034373434313736376637643736326635356162326564383131633530
37376236363136313866336634303936333033623131343738383963343962306438663331343965
30396431636131643932353232366133616339333065626236626266633134336661613439616438
66643131333562666636383238303031383332613362363863653730313032663565646237396364
62373861623031393364393938613763323630306535393433376635616565613064343835633734
66383230636137326635666266653561363535343263613965646134373739313735363432323730
30313439613932626561323434333762386638326431346136323865333331346437613134313437
37643831616638633836663830343361313265353532323731306266306165656137613961356162
37383438653239353338373138663834613239616163646639316335363265656462343962656261
62366139366235616261303733636263663166326666323165393136626332356432616330376432
32323364653365656635383138663537353537313731623435656637343130653036333737376331
66626637356639313863666636373832336238313964373532656364343561356464666537356564
39643566646661313666636131383038383236353330363539333138326561376532663232363039
64663162613962366262366538303937393133326139643833363761326461353635383139356535
63653131343937363565356631333961643834303134376333613164376366366532336338653237
62363266313061626366333034376435386233613461353962323064393063616333363936326437
39356466316636343163336336653164346565383263383161653635373832613637633735346139
39323434306634363037326365646639306431323230666633626339623734383631653838326634
64303561353330663830353335303234366231613038613534356338303536386432616631373633
39353635376530313834646535663137326462623631656262343562623563383732643065386565
32623362346163643832313263383366356439613434643431613432383564393966643931643734
63333733336336636331363733343331346163336161656535353461643065356464326639643235
38383961376634396137653732643766613437326266626565373763346361643165616235653961
33383235383366356537366630303263353036346630326563633632626339333735623466313935
31396138363335333432333865306130393531656636376537646330333835643934386562323430
30626361336332323963343361636630353666336237643061613236303136356661343564306639
63363735326561363035366236313562313466316533613839663030323530626636326362333263
31623431653532623564376231623639653539366261386133613638383062333435666535376466
31643833396565623564626332366532613462663437303537653564653364373034653734343930
65383334633031653438626231663635656438653666633332303861646430653461613439323334
30393261346239663238653366313834366435336539356333336136616363633333646631323565
34383161646132306633616338613638316336343932386563663535633066323764333936643462
37616534386366636231313763313962383239333038353938626562653462656266353735653933
62353132646463636334313537356535656530323333626239376239613561336235383064303064
39316361313766386132393739336437646363613533613163393236623739333837383035313130
38633665303333303131386363656166666239616633326163666638633038623362316135383063
32656433636163373562653038643132643133353462623931333335373037366261626364316531
66623764383938376666353236623261663130393639613931353339613339313039313765633339
36643033383136393763306631326332633334303065643766613135336238653337326536643764
37656337613136323431383666663838623133613739613239303165363834316538353564616135
36383532356338343664383834643966316134383737343463383439316439313331616365623562
65323033376264663834653334653636313461663438323532393861656465393837303063396634
39353033333765313635653566643461356632653064326364653666363062343763663533313261
31323566396536656662303036616234313238663835656265666338663164373862363464373036
37623634303337303864386536613334366338663838313630343736646466663565316331306531
32393565356663323837386133663235646639353566363535313438323031646562373532383737
39633335653565333037366436626364646635303733313934316461396266363034613565646339
64636466333930646538356630663533653237396636366130383262343733656532376465393262
35363036383462353734326563363134326361626161653634616365373936306465383434373636
31616538626563353330323539656431343966313538633462353764313530366535316466366166
39636330663332663766663461303637393661656361626139373933373561363064383632313136
64656362633335303638353434323034643363343262306561656165643063636638636233373066
32313334393563366662333335653265653164356338326230663435363065653735613561323631
63656235313632343930396565626262623166613537373465383564663538343863323265393634
39363463663333333965646634616662383238626539363733396333373331663863353966646561
64663532396230343736666439393164313439303037393866323237323366396435626435623631
37353036623739356162623535313631303463636265636137616466346462663436316234643933
66396531376362356232366265303638323834393563306364306135303234393063633936366665
35333137363235653636636633356264323235356136343134653930326365343264393862346438
36393065643933636363393633323135613665613231613966356663373161316433396635356138
37363061633564326434353837386433363834633866313230323063613362613963303533643534
31663734323734636465366430333433613765616132346661633331373236393738333365343631
62373339353166623631373265386363396461653937313735646236396565656639613864633463
32663632306334343763313166383532366330346531353134656132663261363139666636336562
36363662316630633166396134643836306338303961633633643233333366343036316134653630
31613132653662343162313534376533323364643935636636386533313766636334363464343830
66643135313932353366346432333262383932383336313865383635376664303936333666326164
62633766663563363833343661396363346534383037366330636163343039636132373135383837
36393730326264383765626566343935633062323939623931356666613963366564656565623537
61373937333330383434313038356331636264373063636534663438616437613134363636333430
34333631366635366539663531343263323036336235623136633136373335643263363136346435
34323436313036626666303365613837346431383234373662343937323437316433373231353232
63613464636661366461313831643435613064303764336162626461323739383837343331633133
30323863353162333334336161643635343464623235393362633932326136376361636233376335
35356536343161376166633764313363386334316361356464643434353866313566356137653931
39323135396361396539653335616535646532303066316163616664306438643366306232373937
35633438376230366337623033623463393833366539396264616565386536333433666266306531
38613564343332653961616631386237353631653436666264643433316331623565386166326364
66393836336666623563346661356566333630653461613232323436353137616263633163366133
35623738663564393631646131343437393965353032313330653436613735656436303236663231
30653065323261626230333135613763626434346366656236363566363235303834313331303761
32393963633133343566333161653966666538353666623364316333623436343835336331663532
63656232643136376634623965616530303137393539643630633561326136353433373237306431
65333938363535323933643234366237626566306432613666646462353935326337343237616634
32633238323835663864303135346234343465373236376439646532333465313362353837663063
62626137376462366238366566613666303364353664613133333831366436633064626439616135
64333565343264653235323263653733643935633331333539616165356138383139396636663935
30653839373365386137363935373265643133393062656665636531633934303437316462653431
64326339616563316435313130366433383265333839626530333033653132333237396630396539
34323139373839623666633238363231343630666533306239346566663730646665386332373930
63646530616333393739646131333936636235346663343530336430363462363864653338353762
36653566303139366239633966356138373835653564643762323436353938623139303533666639
61663063373730303563336365623661643665343231303261623535623939353662636135366236
32373935656663646537303734363936646239633334336563663162633364623034663365623133
34313332663230376335333662333864376161343766373539666538376439353236666563613339
66636235326564353037633038386663353139383062313235336430333065333233643035393932
66323932323738646136636165306334613030393430383232646432386133336638356462353261
62646439636537303337343034643862623137313130666539646662383336653738613531393233
37616437396262663162663464363562626338653039383735333865333563393464663331363539
61396562666138353839316631646565323965616233636164396233346163343830663738613138
33613030346333303665653137653165326165663836376136343763633039653038653236343331
38323932613962323831333763353937346363643561633537633261383531663364616430383634
39343632373366396634303764353463666465623934663431393333336365326535396265666431
31303663623933376634363135643331343434373532306363656365363331383432373464653935
66323137333838626536613738663839326561383766306463613634643236393630613738376666
37353961616663306163666539386337366139653264303532386137303533313562636165646139
38373232306433386139373664316337343336393565393631656338656465376135306438663863
38373139366365623064323831353839313133386465393734333366303430663361616135633161
39323763376531316562313663626130343163393832323934613433383736303564333132356564
32323265356565383365636266626438306538626336326133306530656261346531373633353438
63386234656362353235663734326437393538666633333331663035356262366537393138646164
39636334313364336566653464633835396333626530353530636232336337646633653235653561
63383262633362653136303737383231636537303565656232633034326235623430633734343438
65336230383534336666366361376630666364303232623362363334363938323136623963336633
31666238376430653939346630306261366266393538663366613764393964306338393738336363
39326537386431623131616538303763646363613666613365633630313438393137653563633534
39663033353366306333616562373763316466303534613930346432363662633232663333353064
39303434356530303532343933396139623463326639303533393435633266356634636334356437
30356461353039313933323465336430333963313631316564613733386434663833323561393438
32653930396438643065356232363461393733623261656665346238383164613432376139346563
64623934383064373366363261626432353330386231653631376236643130346461623362316161
64363532663031336265363531613633386231663030343538303065393735646635623266633961
61396262623432393734393334336130373862663664343833643437653663363830313365353631
34343637343034386461383630626266623962373832623034633039346139333131336161376239
35396664613132653034366531336466623463326235373164393639353832666362613636336561
34326539613732333261383263343933613534663630633861353330613931623936346163656264
31376234306463353330343462373330313936666364373366636333646265663936646537336431
38303962656131303634646664626538636532393866383663333361623936396232376333646662
61373032303335316364626330343038353262393465653166353934626461623663623265623163
62613134306230323930663362653238356166656437323435666132336263373238653237613132
39383033376135323433366263616365323930373936656261303463383333356237663031633166
61643830373139623831666265373034663435616661393237313934393031636563353533323931
63623064646134393835653663303032663262643733303263353864393933353539353366653138
36623532386366393063346430346432656132643065316334393432666537623361303538313736
36323339616639303638393936653330333938613239346638366133363936303864363737303166
39616438383335363064323437626162643137646634326135643835363661336434633533333831
64666665383066626661613538613562656638376533623231303966393336356261386230363566
31366237336462643566343561376535393435633937336438303162356434616633373439313463
65313032326661376330666530666461393665646637343264353133343162313637303631653635
36313164363162646335343561663731336161303935333565306263343861643532663035316563
34366263376237313564363565343163646261373330393866303435376165333162613632313563
65346130646530636633616237396234323639306162376231363861303832333137313736366339
31623737633161373133313731396531396664633035653864353464623631643161626136386433
36636134393562316334393731383466663033633837353061353833326439663662663534336332
35336263363634393733653666323331383563363637313336323863633439666566313433373261
63346632333861383364363939373936363135376131396635366361356235646136626263323836
61326562326331326638396163626565373031653965346134373530303632626466393064393331
62373564306636336238363435343261343436343764653133323531313334663032336638663637
66626238363763386634653834653835353962643438396166373762623663386538333663396662
30303333663362333361363861363037613538393764646261393862623462343935303233323861
30613335353561373535666239663733626461393137393561326636633233323566386264386335
63376161653061366637623235373665623961366566613764343362373762343030343831613930
62323836393961343430316261656365343366353065613332613839626539303435613435313039
36646166393730323030393233306339643933353332333664653232303162323163643964653661
66313837656233346661316330396230393631313761343763356538363230663837316432623633
64363535643834613162633132333339313636666130626261326462643636336434363533663963
39616262653465313733383066383536363832336231393338366463613436646135663665336233
66323166633462326338613965353634643930633365313636313736646231643861323861316465
37366662343165383662363461336161623939636138326539366165636165613930616361333263
34653034643265663538333234303862616334346536656162356433646331363837386361666261
65326139313038353034623162643836653461636537306339376563663834383631633764666637
34376361346233363162323637353366643437396439306233616562326565383531663437386262
64303464326465346238386630633131353235333234373438336535353036333961393336623365
33626332353536303361326566643933623333386630373762346231346165613235333834623930
36313935303430326230373965386165383430363731306434326536396465333163366539666231
36643436646334316562346265326361336537346530663064383839326330613265343663666331
39393362323237613231313739396265333761363931653165366466623064383066663835643263
64326261663530376364343237393736363166386138333537323265633439366361343062303330
63306262646332623965353136313030326138383435616535326664633265376632323330343362
34656664393166383166373537663465643136653837663732623332623234393866373763666232
37356432643665636431643165613832656431373737346433633136616363303930333337616261
35343261386335636632666334326331633332643936616362623237383636333134323064333032
63366433616330616434323636316465643535393839333766323861363539316134393839353966
63313135363262613162396464313038623634303264633835363437616439663562393435343839
36326663373531643034366632353435663064623232383037646362353963336536636461623761
32633261373161376338356539396430323765393736643964633232333163346439656563353431
33646239303865393732653530366438363563643932353161343533336166643539373236393536
37366337663161333033373537366435366665666634346363376564306364346339313737643664
61633832363263303162623935323430396465663935346163633732313138623935323830613537
31356132313930613335326335353837623639633462313666666363396237663830326533623364
32343733626636356466376435363064646139323536316461666565356235313737333362323436
34343362613662383764386366636365396636646665386238373035613462653761656234306133
33376232626664613265366365623662396465616138396236383066353037386531633431343664
66373335656265643534306236646262386666333036623532613463363634323137323966363361
32656639373734613330343338303461356139326263643663623035383139373033323436306138
61383630653434346430313535623137656235313665343935373831393631363433623236333963
34666434336639396537353534343061336264333238323635376565313238363330326266373938
32643030333333646263366135313565656465646262653330396161623966643262653233386337
35373362313035346233336533313338346330323230363062313764313439633831313539393035
32323961646364316464633466393132333763656138333537373737363739633963316436303034
33346565343937666565356431366161643536613063653938646463633237356265313135633163
63353965656339633365646666336439623736643434613963333932373933663237323937626334
61613866633131383539653031313061316531353666396330363334646463323864646565613633
63663034643130383166646363323736383136663636383361383463316539346565366563646138
38653462313461326636383634393238336337333734373666363466383137373232393266623636
64636562363431383138396365313964633031363932613431633764336331313861393839643032
63333436666563343933393461323538653335313330646638656338356232313530373264613566
62393063326261323333616139636364656237636532376365323338386561343939613937343134
66613965343133633861373631343766373731323139306166353663333532313732646331313630
65303738346138326366653738383334323339326434316132316563636262313861383064353031
31343439383861316332366637653730363735643863306563383363616163353832643632393561
34333566313162616635653634393566316335633935356334373433393137663033623236626465
37333264653332373864616330366566646433626339393934303434363633636530356266666263
32333435313534393265336234323066306632636330326332313466303234396435613030643536
35643965333963313436656666643435666531623032343133396562306266323934323834633034
63323066323232393064363434386166623539663964656539336538353462643230633863316663
31313734633865323330323734666132376437626662376263333930396533333564356366303961
37636564333939613236376538343863656164313737653030333062333561623538633730656631
64373630326235383736383964383639353764656536333364313566373538613366663630313231
31623264396363356333646234393630396231643237313562333765333230343164666665396236
31323931656562646335396663313534616563633230653732353239346133373762333834396564
39633133353230396334616563626264303136383536366635346539346531343733396464356463
32316565626635663661623662323037653838336264353439643061643635343935363538653962
34376162323232613134623661653366316566613934333131306265336464353966653138383337
30383464393361646462626636323731393866373264373234626466323963333230326634623366
65393265646131646361626162626661643266333239393462346463363137393339383634623937
35323031393162663663633236343037653864306264636337326161646363386265393465396135
35393862303831326264363734373563623163646264643563633839386331376238666231633435
37333130373735346131303830376235363235386539323933303130306261383863363232656536
32653934656338633630643539333634356335393665303363303736363164333135653162306535
63393333346339356263663535643965623131623563613531313565623063376566386265323938
64306432383338613361656561666137613033663864653235663665313539373339303633303965
33333966363037366265303666393030643737396363376632336264663138386433633263373763
34626433333563393431636430303239373937356130303165616462306136626134353231363737
65616663636231326138313766313662323765626530386133653130353032633235343364366166
34343932393164633239633035626238636163326561633034636261623463383962636364633332
36356563613834656337383564313062633130363130393139643566393165333537393833313665
30626164613438353130633966613964333966653866663833363763653263336430343465666637
63366432303765353633366161346337643836613537633063336538393834363338623737376663
30643433663864323762646131646463353065633333643064343166393835623264646538323965
33353863323734663233373637343433323632323536363130366537613961356335346462306663
38376235666461353661303162643836313732636635356133623237653963313662373933653733
62653064313333313066326332396432353633346233313761336165623963613664333434663131
38636363356237636438303665386264646165646135363166326461653562303962386633323265
39663135353666326361656662343632373761333664383639666164343038643732633866636232
32666263623861313230373030356465396238316131303532643365323934363932646230306235
35376435363836643433633639326230666535626230303437363566346261623663383633653636
37316232383330376266653962383534386666373831343661666464366631363332663631383936
61333538393961653237656433366234613539363762343036306330396135633562643431636464
36306633653066336337346532363739373463376430353362376437386665386536313234626162
61373136333735363236396236636538643563366633353136343933336363306462633234376536
33623163333266333032353136386432663636666438633530633335353230306632636665643531
36346134313765396663316338363435356235366331373839396565663830373634653938653065
64633430643665613239373832316565393730383233623362656130613162613366343837356561
63373166636566633934346633343134353231663239343334663463633763343139313934386339
36643236646639346337646565653431633138303162396638333731653362396231636432323662
35313633633063346238653730323833633665356636623635383332646166303463303238343162
37366266373832613235336337333362666531386339323433393536666338643338613632393238
37336537386339623266343262323235383864366534343864616266656138323331633331326333
61666366663632643064313635353562306266356461386431623263346233386262323834636530
35636361383137313534653861393139663534396338636462363465376662363836333431636130
33376664346632323135323236326534646466343330363732363764386134613065376334666238
65663863303832666262623339343032323032653830376437666330636233303635653962663366
30336534653565363565356135303563393233326362623531643165383931323536306539326162
34393166363462303564326435646435626132633466363039396363333635323135366534623139
37373839613966343131623536656362353039666431373363383932633231396365613864663563
35373266643539363864663833643333363333313964343633663464616637363434383230663561
63373434363237353435643838346239333566653930303139353137363233643262353262663030
65626630376637643665313837616461393734323561396462366163356137623335386339373234
30366365333938303833393062333164363533376561333532656164373861643130366365303932
65343863383637343862613865386264336461623362633134373863623732623836613539303036
63656664313039363037386266363235643962643935643164313233343362356232306366323538
63616636393263653064343065616632356462646434616130613763376234323931663763323465
30653761326364326334666164396564616363353465613534303436626562383731636137303065
31346530323438646437343730623165346232326665386339353262323839313532623832653835
38613262666237333137386164326531313639613265383038643362353737653939666238396261
36643964383636616161666530666538663965656337313937333734396361663336366665663066
64666333363639313536353634623331346165356561633237326466316634303663616132306138
61633766393536373338663562663564613536383465396632343934316133346339643661346437
37616633343939623664363037636165623665643163626466643835316566376666613931666537
35393130653732313231383939326665383436323032633364383462386536653230333934333039
34333235633535353437363939626136633239643931346637396637303036353239383234346464
66336536376262393261626665363266373533336234303664346166343635366265353162386138
66643962356531346433376565663234343261663531323561326433333166333864666662376661
65336564623739356163333530623663386134316431646438363131663237623439346333626535
39396135623537666232613533346639303630646432383138616432333163653738363962396363
30346532346131376331333565333139373764363031643136303732366633616134626634306531
31626139656635316462373730663466393937316138613061643431613961643065383965303936
35333935613063383030363136366664383037396262326461316662666465393766383630666439
32303839663434306663356463396164336333366639616431396437626638633930386136336432
33393830353664323131353064316636623030306338323761613064363538393039623664346233
38346264656436656630653736393932643465613862656639333936363630333830313136383334
64663965386438356165393161616334336665663135396137333566646332326630363463323831
33636636623830303666623130393636643038626330353536646562363735333235636435383665
61346536303636383134336364633436346264303339343165656662336364336232363634396337
33396161366437663036646164373237623865363635373963343263613236383839613035333532
37653536656339313337343938323064313933633631633263356162396330633033653033646336
64663939393364353338303362643636613837356634633064373864393662636638613033363763
35663732663062396535306530646538366166306662626432303333313039643438383765336662
31613533633761383039306263663634326337663032643331653532313532663832346661383532
63323734636537373530333139613037333635653133303733326166633738636239363962653265
39313063326232313531383065653234316232633535353264343937653565366436396134623763
33343231386231623864316538613765393038353632353266316538633735333261326539373836
36656339643335376439656635386566623632363337396263383864333738646639363961643832
63363863616166396666353732343065636662656534613834653639656333643939306464356231
33636163353963643662373232326265333336623737336666303838623466623339303431336332
38366339306634356639633937636263303132353334616638376532393164316437653462306535
63313337326136396233623330366336323463396235326637653232383466613162383465373436
61626638633733643764376532616564373364623034343534633333363336373830656334646235
37393165353931663138356532316461356563313939323735646663306335653739393238316132
31666564363235396132623739356235366463366264373937663232313764396263643134656531
36353663643836313634383962333030623537663135313561393738303761343664363534663862
62613465313239643035306636373735326638353738633630313539323236613034313762656331
66316231663663363435376538393134396138323033663039613235643131376437333861306666
38396135303831316333613466653163313338373032663461633964623436653862346138346361
66353630363266663137366365313036323137646135626135343435313634333933323166343265
38356535613632313966346533393564333630336534353934663364343139626162663862643334
38343130303564623766366562646532333835663364363837306636323930373935616339343665
33643139653963306437646436616564353361303730386664656463343539303164346161613066
32383466626233396265653165616631653634613635663138656636643664666335346235623934
66653532393861316239333363303732326431386462353536393937626463373635656665663264
32613735343835353836623534623433616638393438656533386539336361383332396265396464
66313837636131653532363035316333303032333734616532353665316433653961306465623861
61326138393364326264663235653437663366363263646230653031376234343431386137633138
37303336383832303363363439346232323736323735396233386334353365313862363633386162
63373639383862373934386162626337383338316439343862646334383138656132666464303237
66653131356134313039633333323437303535333161376339373032343565616333636130373963
63656534643835643863336263636139653639666564376164666531363138393138306565636239
36313531316339373265356132616465633835373463656365346137383933613563396236323064
38363935633866393361383166633566326661613635613161653662326565643763326264333036
33306539363465626138323634623561316236373338623531373362633337383763343061643535
34633437333665366163633061363734363038373633643233356636353565653065376331353335
65353930376134396565346331373063313263336266323565636539363732393436653364343632
30343761613864386538653563353361613066323934353838373831303764343466373132366438
63633734386465323335343137383037386332623837636330653362343432653265363031396365
31613865373463306539373735633532333166656233346163326665366662393163656439626261
33303763623561356461313931383966326535666433623861323066623961366132336339393134
36666466386534656436613239656264636132636364323833613561386633653230346163376132
65353038303766366337356261383735383630646266643836656265613634323961633439666237
35366666383933393139653866336664353239393532653330626333373833326135646133313036
61623065313765613136393030383061613337343737333761396266613931666632613263663865
66653565313431643964313763386163643430333936396438663338616237376531356334383463
38646638653738653038663835323238646138653130373831613632373336366636343935623130
39363038373231653863323836383432323534613336396264306139613566323563646133353035
39393333353732633734316263336434636362626566373964333439643036626637353332373530
34313737393166333063346262366165326435383038336130373061366536373163386233643262
63333131663631626630313266396530656363313930376664393635323164343133623361663162
32666465373434656632636532336265366263633661613565616332393761633135346530663437
63383538336239343334376331366562353831643337343935336135666233396362656463623432
61613736653731396264663936363966663462643936666538656331343661383061646466343761
31353930666465396436653363623239393164616438623663343762306234383537653866613631
33323363303665323931646166613431393530613638653961383433636463346233666431376435
32396134343064616434613962323163363165636133386533656235393438613838336333323662
65373961313038326138343563346532313939326537353465353035386438323832346565393236
30333762333230343532613661333839636365643437646636623730646363633237326330346436
66643362396133336161343039333639323336643930373937326665333065653233363135386666
30353565306530633232366530343964633031306235366235656365376163666532643933616537
39313430393766663737393666396339643435363839626465643834363565616465333533303764
66326366663232656562386433646337623961653537333430313266396661613036666564303237
33353535343338663237626465313034636339656661366432646439386262363766373335313439
36333837313731316439346162653536326265343538663862343439326236613162313730356336
64656437646639373864666461376162633430363163643937356664653232316338613837636336
30333039636266313534643536633532613966363066623033363064363065376234646265353935
39623238353137643766373261316231336438376133373034653438326431613662376465303737
38333030633163366339336666653538663437616130643432663439353335353237383435613838
36623565393135316430616364373230323637636361613662326164346430613936643631316165
31633738306338633961386561633563376466616539363963613466646338393036366364616332
66393532656661623733376233346434306136316535313962616639333037613635633465373530
34393831376437623262353333613931353134313864353863373634316333356436353261646230
38643762373165326330666437396136393535663735396330656339643739313938386665396630
34656664323631313665663161633436336565313361633436326533666131616236326365613661
63666565633432353635353839313138316334333465326235666339656433653030326264626264
61313736366330336665316562643463363362653532323337376465663930343832313464393731
38353364323564666434386164383134366664616335313038306461353864646461346635353165
34613231306561613934353339383130316333633833666131666664363232366331643866633731
65313134366366336565613530663163643361336562306131666131313333316262653537366631
37323338383066616166623637356135353934663939383637373164373934383032363731376234
66353662363231623934633364343731303765326163666263313337396662656138333235626461
32336330383963313238626533376233376662653766646566376432646435613932376438313836
36353561633838623532396565326635363465643063326462333632363534653364386464363737
62343637393336376364386134313763376436316331653665633837313833346661393737326265
62323833333737653866303633666661613334623131353131383132316465613265633234383865
33306431386430393730333531646639616334333464643165656237306361326337623133326562
35613165613236373862623061633531663663656265663831666662313264306261313834623361
36326564663863393136613361613737643064636262663035303862393132623761373238323661
63633032363132303332316164353733326364343264646461666666663935363537366636306164
38316635313861323536316232313236633238363437323362376364306337356133626535306634
37393130383330393665373962653461643539393465616338363734343665303661363132353063
30373664356132343965383335653839386632653839366564666430643665633737613166646237
39376332373439616533376435616461376436303836636234376435343533306465393832626166
64396563323261333561323030326239346661396637626361653964323662356233666165353264
36353139333466323234646331613331346431613564633234326364363831666335663934393838
36323837383564656238373737346638666464383463366661323538353961366135633464393339
33316563623461653863356364626562393962366235613934396637656163383139653633343632
32613036623062386332383435633539656538666462653365613065643039393561306133383061
65646363616134306133613761656639313639336466656361623932353937346463633038663765
64373264376662656437323630613737646466323062663835343262613635323763313963393233
66616165656661336635626536376438663136366334393534376134313037646336383364393437
32343534666665373866613263336162623634616439356163363163346530623466333437613937
63623761316663363731623832333638623862646563386635346639306662663430626639393564
30653966383661373230393334383336633966393364376565366432643666376664613661663536
33326539653338626461343137346566393335376431383465396263326565656465663261626231
37613239633938623230336235353338616265303631376333376362383739653431323834613138
39663230653665306137313065336333636464393939343438386464363862663739326535373638
32393131306330613438666539623431626337303933353539646563353836653764336638633962
39316539346131303934393230343939343562663263323363636335333431323137663530366136
33316265653663653435396530343439373438376564303862613035623733366431356361323862
61313734653230303837383062333333343965656262313930333861646536633439643835333166
31646331373034353234366639396563336331383131343835353132313935386636656335616536
30326566616463306535643631323936653333373162373233333761636235343863316462396335
37656361396339643130643761393364656564643465653761633233373237356365623466363164
64353764343937643532613762616630393631633062613639336238343831353366613365613731
30623633313933303662613463643463633632383664656336663263373131656164613334666465
63333937663130663034353432393763336439663133626165393638653439653063313866636461
34383837373464376663366339303930336233353433633336383835353862633262393232613237
33346465633039633132363239353538326432656435313539316566333939316261303836396232
65376132346435643663656538666630386230376562663838646466613561306437633032333633
64656632633734613033366435333538373630306465636431633532663831343361366664306333
37616230626366373338653961316162313464303166396338613962303463613365333062323038
30656162663730656264376131636630303334303662613065653336373765633066316438626239
66313733323430366664363466396332613663346230326164633565653139613736653361326639
36386437346665313137313464326436623532626331633031633564636137356630323134396333
65656331333837343365633961303739616537656235333261636136623237633166626463666536
38393336396166303732646533643239633836643362343135323931383463383532343936386164
34333262386563386366316433643231343236646232313636383733383833323461636165396434
66386466366538336566653938373037343263646234613135303762613261623862333737643366
62366662316138393163323762663134396234316236623766346130393334633836383237613335
64633138616232653231353635373264306361303138336530353539333039626532303862376263
61613338636666396333323833326137643964653261303962663331623562373633636337613030
31666432616337353435366535343663613431343965396130653837323336323134336464383635
65333437353039363534613262643433363938333137363466646432373232316636636335616438
34643236333338613737616230383865646162623630333762323431383034343530663936613361
30373431333230303365623832346663326166646662393633613566386163616439666436613838
38316465663130303261333561303663383666373434313232353461356663636135663661343737
62663330623338303065343761636565373438313130656634386131383635666535356131393839
32383833313435653466653661663733636439323866656565326436353238646438333035323133
66336563333264323066616163336531313036323934363330316339383433373137303839316364
35643733383833396239653538656266616335376439363538383464653639346132633662633861
34353635336463356131636161636236306562623165323931616236663864623762643738366666
30386662303666666462663063333733616165306632346138656332643631333331356332346166
65616435636231663265646132666233613764306634653864343235353864333936653933383238
63303862386534326530343266316463353066336636313935303639613663306563323530613665
61346130303134626437366134323666326361663662653532346461333463363230623034386237
62656338393930623361396161346234633837646666373430613661316537313266393662626365
37363337626633303966313636636664623162633363313034376561633933346331323931643266
31316433343730373362373765393539336630626162633635396461376365303538633031633964
63313232633030643662396266616362343164633932643561386331636538383664643136623961
30316264653834376366616665353233613961616366393263636239393136616263663134303033
63613862623438343131623463353162393362363530366333636365633561313163396232333630
33636165663033646566363932646235663937336263383730333933306134383634343634343434
35323438616336363230666136353132646633343338326134623031663162356335303766386462
33626134633034303462626130343965313862663638336637626366333763393564333166366565
36306238363838616266373833643637646563633361636538653037646439356261316362376231
63373961383331356464393331643731616565623464613933356437616465663366336463666565
35336438326231323138636239313864646132396137333263643966376562306336666363326434
38396637346233643762623965343566363533396339336135376266663938653464306632616363
61623062313938383838336131323362623566356364323463646632363534396332643234353631
62356261363333373934386464623837346339343763323434323931336165313931623435373739
61326438393966646561653963653337373431313732376135656264636132643935386131376537
36643161306235313434383333336138363134616265373530303635316634633934613161373635
66643735353863303261386365386163303330333238333665386539623738313733353962396336
30316465303533666634616530656438633432613537323366366434643863326366613030633763
37363630336232343966353365323663386634663835313936626330623363623236633533633265
38376438636337663066613335613264303035613836303566323332653761353762393965366531
30353764333463623832333737386533636665323433323561326236653666633739353534396263
31373964663839343934626430316264396264373130626439303934663566323136373337306437
64316231376236343561386132303262616638393166383739313262656565633139386130383565
65323962333336373862623331323832363530633331656464643366613561623765396466373931
39313237343663306664363230653637313931363135383361363139323131663035363537386663
30326466396336663734333563613436633131663662623562666238326561626234343162336535
66326631616264376637316238383863326261323437396266613362653036656365626633383935
34303562346334313036346433346435613134643432623138366138373736356166383837363465
66353235336634643536393431343861653836383762613239386562636133636631373835636166
62393865643161613734303933356462343836653132313366373237343635623563346661323364
65623165613339363362383434326563336239393534363230303634303561313730613936363235
35663364323333393336326362636466323065356637373831333633336338363163623961373131
65343166326238363964383065356133653333313261326430313238336239326666646434666238
64323033633162313234316263303766653234353838383432626632613665363538376333383737
32663864633337633161366663306366636431386338323665396335376666386165363634333162
31316238346463333661326463663333323166323661343338383362613261326564326237666262
38666630656464616261303933323661656530653563376331383131303334323232646335386639
64653066376538666333663033313638613862666165663861356434353032326463303465306538
61656531303062393761333562613239646663323666376461376630303532623236356135323233
65646630656637336361373634613930616532393332343936306432393835396666633531613265
62323932313065313433613765653561336638653063613233316131666536393762356566313034
66653330653535313836363838643730323437373239373165393035303463383562316633306636
66623263353937633461663530373534646332353861333638383962353861373830393337346561
62353039653462626336623365626636313865383435303431333336386137643364383131643164
39626565623135376661333236633631623134363733346164303165356537636534623236323831
33336662633631303635336338643561313439363065656262303032366334393334326361373764
62363233653866626564363531323565623133323366653061306531616638383436316464346363
65613066376361313765313435353038346538636465313238313430643664326362333939663037
66353664636236353262646130643461653536333735343566366430636565396366343533383737
61343037326462613462636462313236363536323936313437663833326262386332626131636336
30643930303139323536333037346130373035663138353665343563326535356337353431306361
31643861633335396332633139343064326539306136393030323737633965393166613039313637
30663836313166393331383936613933323336336163366538616335353464323061346232666231
38643030303965666132633163366266636462623532653062396266663735666236303061383432
62646138646362643861613532393966376161643765626134363137353761333063346361646632
38363264616232663337633335636336373835393964323861633562353638326539636165366538
30323061373031366161643932336362613664623462666661366238386130326430643765326639
63663435363462613061656430303531333030356265393330376137333761383730616339626531
38626239373532626637323335636663313466343932363130346534633437356132343734316566
30623734666162346238353636623262383635306562626163303133653236353463663337336464
65396266653433636264363330336233386266353134353733336461336263323734306138626139
63663933343638383866303439633734336536613062366534613265613232623464313535663933
61653262386662646430316663636262396632353964616237396331633432366566636138666363
62616539616630373533363833373535396638336664393739323938346362343538313066653238
34633034626666623838626237616335376138373966323436636564343135666664333036383866
33353063626434303364616531366166613664326365383836343432393464386337353434373632
37336264646165326334616366323335323532373264616264383564323263396337313264633765
35373238303537636166626234306663626437313432393936386133313832636438386562663063
31623265386339316333383365626133663337626663323830626436353930623732393335663332
32376535386465393764336334303266363235366464623239346461646431633433326436356366
37393037383237386363643831613235333663653536643263313835396535333537393963613533
38383831353763343438666565636665393234383233366466383861646565616437613363376634
64633831393964613336393164303934353433376634656664346631656466643639356664303765
30356634396530653432323061303966316539353530653530623234356234376239623966663939
66613938336336613164316264336266383066376262623438343764356364386361366331653433
30643065656530636631346530386434323064623563316533616139353665363333623437376435
66396336656533343464313531356530346535373661313936303761646362653038393031363136
35366439353530396138626661366630373131653261306561333764393037346530613538663566
63623937663963643137333065373363663465393865326130613764303831653238386465653066
37316336323764386238336434643962333032386533616537646438623961643264653266346232
32333062666334346139666336323363373162343262613533346632633961353135366464613435
65353831343363366237373935333632306561343534626630643966376336383639306434333931
63623264313934643465643439303166313561653635383164346237653063313166346661343666
34336561353461343465326636653463666363616539623632303230353138616131393866653861
65613266376238343638326131363966616539313865613638646430643133306163356435633730
65623663353864313134323832373238323036356437326633626636323037303466376230636637
33646333363635346162373231626539323436306538336334646336626361366261363434353161
31396439636633316435346534373061376137326631626633343062666234316334616533383437
31626336306534613864626631313234396333346261323531323063613937396432373230613065
35303232316631633837386464333930613035623334396639376134633432626661363237623233
61393230636361393864386637346364623037636339633263626337383264636134633734343663
36626132376232343862643966336161643234353638383731356666376163643530366261376464
36626264393638666539323339643263366564666665373538366439653539663337333039663962
38303935633032306433326232326664633961653638373066383963336539383932333264383061
64366239313662333732343036396232396166666537653539313133333337363438653166303532
39396233313962323563333031646230366430396365303934363538656137393233356132643336
65313633653164386338303365623031393863386261393564323133626233653765306330336331
36333230646661363138363934306161613236353931623730643335623964633632366439356666
64383565633461343731303836393430313363383231623362336563303163666434346564363165
63343032663961643861633834623761303730613431356330353739623665333430303838363561
30623534383738386438643235353762626266393931343132346135633133316539323038383133
31363132656635383163636639663662633532643834356135653032396163323039346236643032
36353663633135333235646531333464666631623465666236393466363935636634613536333139
36383337326265396534623665373536353866653330383265333138373765393233336136363434
33666536363938303834626264343264386239346661393336393433343436333866623637333631
33383236616536336632626134393336633235353636383231313239623365343035376138616564
35323434653938353137616237376563303061626162663136333130366566333466393766363435
62306636616462653966636533643561656566343531323265343865306661623033643535666161
62643630613230666332386265373934323237343435636432656638313661303866393066383161
37383339663363386165646665613138343662356334643136303334313265323764366462393438
34356663363132613331383139396163353362666264313637343862616332373536386566646162
31623764373464343039393962666464303232346465613836623331353831316635653331336331
61393235343861313134363264376461336431333162323335303866323661326237656465373663
30316636386666636265663661366363313234326633396637313463386133346162633562363835
64303062386332643935386235343232623461323866343038323561353566366232313165346533
36313931376139623366383933613431343165663164633233666362623036663835343532653065
32303733383462636362613133366230336633656430333837613339366562616531343631633938
64343864653232646137626236653164386365346561616231643335653264613335313638336561
36643366306237343634396463643636616133303332313865633664656164316539643861323234
34663230393432346138623134376637613063653764323761633037643131626366653261393836
32323665383531333335323530323665666337356130646332366532313565613136353739623232
65326431323231653237333131376135306261336466333836353336346433366161393936333439
32346137316132353037636662386565313236363133613132303162633537323765613230353662
33383539653961363436613862663065336233626537613061613836623639653636376537383235
62633663613864646130663765396264383938303564646531386338363334663566376437646533
38366132363137303662636336383833633837373231323261306336333034353563353638393131
39613433366236353064663364376332623163303038343666653539626438333136643266363936
64363637346461313638303034666662623539323135386231363039326136383064613438306534
66373066316665393830623237383666346566636165373535653062383037396561613333346639
36613664303038356461626433666639383133636363643035313138623033316632366562353565
32386139366262656563393231396661636263343137373930306466333361646237316338303939
31636134623530373530323837633265373232343439663134323932346134356533323037353333
62623931383939666265353638663230623561343863363366346165343433383039663064613632
31656262663061613336393239336337633135626366366633356535303336333038373930653833
66313461346633316630346636336137363038353262633962666563636133303464323338326630
62653632313736313430323439656231646633353965303062303865646333643033363461346330
65646438323936373761646636336564666235306166393364356631653664316331373565386661
33663334343630663633393361356161626463643361666163346436303333353731353233303165
63373533313434636633643061386662323531326635303966666434336334343735333735643331
61373764363631616537633834376439366331356434363431653335363064653834646431323032
38366335336232396336356539383130393164363664373439303836396565666137356239626461
66366333323664366133303836373130386330326330613137653038633863356635376436376431
63663531353463363735623733613130643364333135653764363636623236386635646662366664
30373530623161653432643636653465626466383330326564353765383137323631643539653139
37613839636235346631626133343635626433313636393537353665366363393830353764623462
63383662343839613931396366656334623863623534666434633237643636666339383236613533
31316531643631393731303335646135663732663432666566633662323261316534663534613763
65623031373034633638316436316432393639396565333037363333666464376161393532346338
32396461306463303535303632316532306131356133346336623466323233383033386632613337
34383861653939306563376230363033656435653930396535366530653037383238656232343438
33353462626366356630373739636364303431356663623265633835376466623339613835393535
36363536656366313438376363633963393262396336653334373037316234396339346232633930
34363036306638323633386230303035363936646630613231323736653163623532326638373863
64333035616566303833633834656232303133656335653636316635383364363065333263646134
65393463346565336239373562306538653338373564306136386638623031356465613734373065
34343165326630356565616166346137613262626233353036386561303836653332363065333733
66643038636635333762636661353364316665323363666638623761643039376535353066393731
65326235313032316366633735393465636633653039373866636239646335363839636335366131
62316230663136396637313630383561363038353037396166633466326138353835303031316135
62366630303961336630313161646563333934383336366632393438613464366436323533313833
62306531623162633863633464626532383038643738373436373538373432363762346635633036
38656637616466363838653135313337366430386232623634386533343866636334616430663836
35663331363963343631663031346135316536386330303630653738666538616232613366646266
31663930353037356631393335663164313434663935393438646238356336313332366631393066
64643034643731353935306364373931633066346163623964653133373831333465636538396138
65646661396633396462336364616431626665656131613263636436306631663932626564303334
63626335393932316238383965376264333662363134623835313837323735326330333134396363
64396230343165653531663837336233383633323430636231313039373430313239646434373364
38623835623838623934313332326662613236383034333839306536346565333630326265323363
36343533313563343134633831373835666436343431663432336138613833353433643064636436
61633561313565366665316231333831633764616438303834336261633734613332356563373764
64333964306565363862363634383033643666633063393033333831383366633136613032626633
34383030396539666561303935643231656539316366373865333030383833333338636232636333
63613239373965616634383366333161653134623532643762326130643035666263323831393161
36313661376661373030393730323135313636366665383638346165626562383931626564316232
64383830303265323963373638326632393032636331383530323130346137363931363630626163
39623139323139623466303937636537333438633233666435623933396132346462343131646261
32363534343438393837643336663132393064393637373937616166396338396137313939643630
32323865363437363033613533313862626132613861373633326333363733663135343031353664
39306663653032353831313739373665386165346239346366313661306231313162386539356233
33306464646466626364616633626231303238343536386465373964373361306365623934343433
63376339356432323538656333316138393662626432663066623236653661613134663261643263
34656332353933636566363739336337353035356639376561326235613666393833613332633130
32336130663464386663313234393734663836363235383264653435303235316234626637633035
31656561616437623930343737336435313234313461633563633837643238326261376666316138
63373932663536646461316661306662356461643934303930636263303464376532396364363165
64356365393665353338333733656535626330303731663061656534633539636630323533623866
33623536623031373931366135646163386565323337396431393034343362383630643164653662
33323862393862323164396233326130363864303330383931376565383162363632323061613866
35383063396532343065663635343761303634393465613431373666653631663630316466613566
62656136363832306231313536376632323563393166653166643835633032333762393865383963
34656135386431373439636237303839323461373335306531336262333564636561383634313633
31653061323831363837356561303335313033393332376463303364633439343233386464353837
64313962616463343336643863616432663762333134376331353037636563326564383732643263
63613766383130376661633339393863336565393732356533373965626430633462616135383636
65383365373337623231366133366661343361303332383464363636643032326437306431353138
32343363646661613730613933633561306231386537303433323565343334653361623636383366
33396565633334626336633134626461613239383139613636373937663561653938373939353864
64313964343135323964383835613564343637653934633231333966386234633232616137666538
33343665643630353535336332303361386666396362373764373632343833613839643030396233
39323738343834303930393637643436666139336130316239336465633232333030616439306365
64333765366663383134663939366235366230373539616435323630396565306630353561373331
32366361303833623065326635333165383861363261626364376662666362363761616132346136
37633031313038396236316534343234626464393266303331356365396237343266333432656435
34636334386330613461343832333464653964633134383165326161353136306330316638333030
61306564653266346338663632346263656332333239653731356338656234363564303037323438
31613636363033343439333162353032353562343431613536366537653065613937333530326539
32343865653661623661313632333166623064393965323264393933313932616231356663666362
31333665613163313530663266623366623062623130306663366134363434383338653833366536
38656164396664386234333362646164383361613031613836613234383037343739373637633835
33646566316665663037636132643033333836393533323661313638643838353865353137663933
37336136333364303930626535356236643037366239356335303938663036336362333961666336
38643232663265656130313266373130323164656566323461316436396464663533653833646533
36643539323038613964393363643136663633646331343036643262346334633334386437653539
64353136643037623631373262646263623335363935323037316238616531303330346164663330
61653033613063373662316335356463343836323630383439653963363335373037616535396131
39613262386661653036343865336462336465303137663430656631363733666238643436333939
31316633373837613561386263323565306162363365346534333364336137323264373736633866
32366237643166386439333537353633646265356431396365306138363336366435353538383965
30653138336436343530346238663339386365333130613638343237623138386639376265346636
61643633306239383766386664353332363637363966396463373765353838396635333135633034
65376238313337663631323539383366333935363133363065666139666334363538306165323962
36363433656434383433643762323433393031616231616531376333636461383033653839633364
33373634353630663330663562366464383564313966373134613237636633363738623438633337
66666238666231333736363164323233353232366239646235386561656162376638373034396466
34623065366461336632663237336365343734316131313737313163386135653561616438656330
61626138323034623831383862653931383465333738656366323663343964633639376635356132
35303235306463366239343836343430343730343736393963356233323865376333616436316231
30316163356561343638623661643763376636356131643563623337366130623532373566636334
63633165303936653037333731336363376565303965303661336263333833353939366431343263
36316666656335653732643535613366643562386563326230623838343761653236346333646435
35633662366138616433663836613666643265393732386436386432343835386135323130376532
62396435316562643063626335313631303265363831356164646363646639663838316635613033
65383064363136353132343163363439363937343030313734633965636635316261383864653064
61353933313139323264393334666132383732376139326261613065363233666133306339386535
38313736336230643330353765343333393564393436626261386631383735356164313235333533
65646363613235313961323062333337306139306163323337316131663865633861366632303865
35663031623933376439373863646539623335613063653031393839353063346162366539393535
64303965333463336665343066666364663963323364313666663337343861336630333265376435
39383634383361383865353865323531643330633964623366363533613331636630353030373131
63313165313537303633356339363164383035653838346331396138333064326336653761626130
36373036363433316239353033353437393636356463376436303634303830316631313132663839
39636264313366386336663162633939303731383037326336373838623438383838633636636337
30393863386438643334643266386665316239643938613263613761393830303139396539643838
30343335303535326364393766313839643365616532373531396639353861316633643832323338
64376439383138393239616336663330646338383031376466303562396139376138386132373934
31343831353961663031613339396437323433623264343063643637313238616633336333393536
36313638646131633831353966643132323934323838333261306631316231653036343763623832
36356365653638306137373465383235343432646165653066353033333438356431636166376530
61623837663434643839373530383734306538663838386663643938663065363865613831303331
65366338636437313135636639626134636235326231373633666564666364303066343431666534
39666663396535353838363366656136643631653936363464656234346333333638356363373630
31316139376637373666663361646663376665336530386465306537326164346632343334666366
33316131376664393065623930643161626234373039303961303466343335353862363563613564
31303264653930386364633061336130346632303561653239666132333732383830623762636262
30663063376162376639333362633330306334356537663630373332363963386534666635626633
65363261643962656461346632323263343365343561616663386339323236353734613834646631
63366366356233626339306539373938313762373262643264373830313664643636383233363863
66326330336137653031666164383236386466313662316666396165623266363233653032613566
34613534363365383265393935376239383563336464373439306631643235366138623936643764
36336430366132653931343462366663626234643461396634653336666161393238656138313439
38623737333135653234343337356661613739636535336337366665613533373732366532633330
65366339343561303063333434323234343836653833346536623731313534346464353339386435
31613766643832646161346564613030656136336563313132306433313934636165613165323733
36313130393538666634373462663830653662303634313563343636643334366365616366633132
65616434656366333533393931323337366635306162653438386664343436343636623863666333
61363164333365336664306661643939353464623265613237323438326564313463366339313737
33373830643337376466323066356633626638386533376637373164346634633933663766313461
66393661383762333534333035396265313763356137353763346634386563363762346237326461
38373063366233616661363333313962646137356362346366623131333765386166653065636536
66396561326134656462623865303638306139643538376234633436663462313430643564316464
63636430636430643263646563653936363764343033303665376462306334343230303231393766
33396634323439353361616366383430396162376231353862613231376264343231326433633463
31636266616438626137393662346662633230303831376366663638313165313864373966613435
33646365346562316537313333383932343637653535376535353331653230653965356233353063
66333739343530633331306531306364376130636466386332343237383432336231313637623165
65646334666138356232323663323639643437653565313566623035616539363666336233353234
34633431623866653531313330653730336665626237393239336336323236373036623637333430
30383536346335393931666431363331373638336330663732653765643539396332306663636662
37393035613233643561316661303062633332303631346565383763396637393038666538343966
35383466323838333535633635363039343132656635343536313261343464616633643433343634
39386332303737633461653033326466313962643130363562623336313733373839633866363436
66363639623131366531643363366132396536363738616530653331316564663464653461353566
37616162363665363361616237306435633934613165653538653536626661373934353439336137
64393131376638323230316364646635396565363762333535336464373638623830636532363164
32616635373666346332303036643333613735663336393863346362366664316266306231306634
61633438356461633935643266393139353138316438306461663435323165663864656436373032
38376634666466313035643631363661616335323930616332313965346137646261333330303763
32666230313966356664306163363665383439386130353431663064393131346266623533333461
39323835373534626634363034396562626233386461663566653661376664636564326438636666
36663165303566656434383162623236306533623134366562616135333638633466373762333536
61323363613964346632303765383036613838653931376264646333656463333935643864333230
37376331376463383366303062323032316338636231386436313438363162313032323065346136
39333766336632633334646466663338396531643239386536336431343033356331393863653733
33613934636163373235356666393661643530636337323530336233623963636236363432303031
63353834613362623335303366643862336665643533393136646163636234373738383063653932
34303331376561333832303661373563306539323438623135373566333033343539313834316231
35666339343436353133363633616430613834643037373131663031653634643032643032363037
32336637343662386562613963616265393861636166303465313933323434393430663731353539
62343838636237323530613636323234633161646535636335386536656539636633306563383533
30396334353232363737306635356337313134623833666463393533356334346564626137356663
39386539613561376635373161663264393030613563376366643563376638316333333436383136
65623436343439323837376534323366373761353661643466633333353662646438633531646431
33366366316434386330383163323231666436363838393537376431376338353935393934306363
62636239313233663362306531373136656561646563623935376234376435323237616662613231
37333830356165346637306562333034646666383539353733396134393064376561373437613332
36343532333166396130616264386265626632303938636137363832356366383362333935633534
35383363656562343366663034633538313235316434636639643433316164363935356666633434
30653439326163383265393562326136386366363436353261366333356466643931376565333431
64393432373138366531643631346336393061303731326136313964656363633463336262363035
35613430663437653633653166333966356434373064363263306661656234623732616632393961
31666337643632383164643365313534376432366331343764383732663539303437333731663362
30336366353161366266626665663037336236353565333334343764386237306334386230393330
35646565636131653136343861383836323962303263623361336634623333386661316236313834
35626639636365323633393034313835313439363639316630326665636638356366393034333434
65323566316663656234316464326435663036366533306234653061316661636138393435363934
37656136333163306234653534323634323261633264356361636562633837373765373564346336
64663937366130636630633735353536633166363838366434303930393861313266386264656537
38343762336532303965356635646662333832643633383263353030633831313231363732356463
30393663383634663934396637616433643533383065303861363434373164656361363736393534
34383937316665303763316433346631383331613364613235306266356561353434323139663139
62633335613333616563383537396330313363343636643533313562313533366133626361303134
33376366343661313462316437393561313162323161393036653761633436343230303136626131
62396562613335363736663066326264383939313734353166666564623836613865333634306237
63623161643437353738363463666365666238373238366332626232393366303233356266313637
32346361656261653735353562646238373434326533653835363739313034613232653965376631
30633539363435653138323335376430326636653337383661663833656165646565363934353462
30666437396439653464346630333030396233656131303333373433316166636335646636396535
34386634623332323538313761393265346134366462663932356338393262323530643266366463
65303438333338376631623561343633373938326338646133333265383137383264376165306437
38646136613865663834393034323032633035363432366165643839626566643435323632623631
32663435303435656439623637363431373935313861383739336366353533656230326531363963
35363062383639323132643838303136646163383332366266363962303831633236303935366666
33323538663339316239336664316538613330663966666635383337383030303430326439633964
62373166326466656530376665343833623239383234366561306333643638373565343566383836
39643838346338363532663137323661303664316666376364313836386139323231643564316139
37306535386361643136313565323363303935353238356433303230616564393237613662333863
63616563323337616636613435623036646435653063373734376261313966373438353332633664
65626361343236666563363464336431316161653964393733353534326665383466663338323461
33353439366139623434616230656438386561343966343765613531333737323730646364323165
63633431653935646361316637343035633738613534626164306336316639653961323139306537
39653435656461393131303632393735653766396132376438366461613463386132623134613864
38396438313862303334333965623337663934336530303831343566613166326262393137323630
34386266663938616633323133613862343936326433616363373333323135353862323464363861
31326563323937386634653765333962373339663437343137613338313433323863396333646661
64636531636566303339316564396334323531376234383266643939323532336331353864306430
38383030336266356230333533613862316336336166636538623830393966333833323161626563
37336431376363333162373566646433623235656662613462316433626231616463313834336666
33353938326165376634323438616337656466346137373662313130626636353035353837656462
64336166623737386535623064383939336332366662643565323565323730336133333435663564
31376230343062613764633037666137303063376435643362653363356332333838393831633339
66303836316265303961633361343162333163383834333430323332616263336633353932306362
30303064653033383561643630663236613333613234393036636563363932653765646264313037
37376236653832383062393861333136626135663638393337663335643839373736343334653262
61623438356261613835363530616333663239643438356435393132633434363262626364343333
63353465346133393630373832313936613264643239363831396462316536373234333761396338
36343766323739663931303137636334656336376331326264653833316265663262306235333939
66613038393566336363393266626161653232613738323738386537626465653763346163633964
64303735626239393438653462333133633862343736623034303761393831323436393132666133
33343835373165633534353539613430393234623736373930356238613136396465353066616332
32616539643666313736353534633662653937353966333866303539646437363161346139356136
32623763613664323638323666653833393335636661626239376532353638666230343935306130
33613037316265393761373561386363666637313530346435643631356631363533363863643036
35636563343933333863663832396134346165663164353132393165333237653238336231373862
36376564323938646462623062353231393263316232376263393763623538623538376466313561
66363836376439316235333932646664363663613162643631326538613237366131326236363861
66383134313939346665376236306262346437373434393336326262376563613938663735316436
32316364643137373163363834643163376365306361626238393739316363316331653033316332
65393738363766323565663937353033646463633433336261393963626533646130396534643766
35333164376639333437656562303938376137323036333237356663366433306531653165306132
39623734353737393937653966336135623865333232333736383662633837646436633131643138
64376336306165363930323862626430386463623932623135613237313036363938633132613032
63653562656263653461353034636630343264656237373431336330663730663235303138303033
33353537373536633135616666303761663334633839663537653938613365633636356465303964
35656231633861633864353666366565653031383939393833383738396466383138633631363266
30316563366363366238386264303464666466356364646631623766303731346533376639303739
62616261386632656366616238396130303064376263326532383461383832306464353064623231
32313730386431623565363931356337633436313138373439313063653364373238663136646661
62343265653838643833653433306330313363323735613639653662313064356632626232323066
34303739353630363162393564653462316138613732383136303731663666343862663463316363
33353233306463346533353039313963303865356433643036353232333836353737666134326262
37336662623065356332363039616533316632333331353865636633613261623363373036343666
62663333323763383766306565363966316465396437373733623630653533346133666364343637
34633233313862333633306162303262363862326366346365646532386136313434653862616366
30653430666237306131636564636166366131303632626636626431656262303431306332383938
39363633643036356565363134316132386366356436323133643135346235623632316262336266
30353338363163616465663565646134373762336265656137613631663162643966663261303534
32333263373263326432313561386137356437316438613630653635626236346631333264663866
61383134303435393835303630383862613038623935343438303266316330306431633938386433
63303633313630356235373235393734626165303631376336386632636464633863323666663437
32613339336433383666646632316133643233363635363936326433383130383035353238383239
38666133313130363565363366346664363835363832396130306162343563616661336133656464
63303437663830656563373962346364626266633863333535373032323037343634323735336635
64363663663430643035393763616266646563326431646366633331636162336435313736313664
64353139613538613630333438656265396666663561333930383733323735376638646433636361
35646532303064306634323966623139623538663037623431666436373833353961316634636261
36323164376436383339666331383634656166316138626464356564383264623636356566613139
30326233313866613632373739613162313164303735303533343131313363343334666437333361
35386635303538663336353236653132653838336233333063393365633031386536343662643366
64666536613130333139303037336432313531376339393634313264303834333632343135313439
61383337656336373462616130353635653861343437356335643635666164313735383063643364
64373161396532363936626131636232313534356137373762303061363533643431623138333031
64373539636238613833396566383939646138663939373865396536363462353464333534636332
63353764363739636265353964393264666133323231353536656265653037636163383238663361
63646365646434383065656534343731326136636337636565626439303434313839663636626537
31376662393131396261363838366462383963373433643261353132303963323763393035373465
65643133313130363262653338666234386665616561386439313062353632313335346536326362
36376536646431653862636533383766376132653866656534663631326661323331363562346233
65343261623338323934383466613136663363386635393434333664633562613231663765356561
35393865353965363862613335656161393139616433323636373664316335303962313265313039
33613536613134303634666434633730306230323937663136353837653037313265623838363139
32356436663239356164326466363235636165353061303334326234396430633736356537623832
36656538633962663938633461663866313136646638316666306135303465363062366330306438
63326438366539353462323436616636633939336533343562306264316565313533613033633364
39353734383963663336613732313832626164666163356565333863346239393834623266383034
64643666343931373866646531633864393366313561643038343439386630326533383961343831
63613134346537346232373137363635316630306363656535323730343832313630326132373339
34663663366462633338333730353737303534653539333636653037333833376262333330393738
39343839663734393739383635616233376130623137363961323332633537663462383231316465
64616637613936326261313338626166383361326238376665306436343164653962316337333430
32656361356565303239656165616363323431343464346139316138323663326630643532656234
63633530643465366633376630326632646331623031646363323561373835653330373062643965
63626265626132663761313932623530646538306233636464353339383938366234306638366436
63353035393361366336353138383833353634343462323232346435343939343264313962333462
34616132623363623961626663613963643563313164393830613164373932646562613065633765
33306433656333363462656431633963366263636263373261343138333664626266343938303138
33393232616437633866366662316362303338336334383362363633383236336462386634336262
30626236626639316633393437323039323934363736633766363732633539306363636262313261
61643130616665613437373766383537376134623034653539383763663334303533636437383032
39333735386432626534323635346666393161633534303332383433306539663632636236613466
32343561636436346539653262386266643835303637616131333261666366613765633730363137
35396437623965633135306661383534343363623432373537666466363064313363353166323535
66393565396538656163366432643837663437383266353965353231646630636332376430663266
39373966316436326662613661333161613732366139623266343033613961613138633462383234
66306361646131633836636438613935363163646461373730616430393230356436653265346133
63383735353135346530643463653837343637386466613238323937613965336631376331613130
62633335393836383930373062353332303537366438666364626132396262306266643439346461
65626131393766356138663835643137383338653532333437643239333035373031323766373933
61666164646464633237636264396533346439326130303837356565616436363331613631316139
37323762663337346462623161326335666131366236323531643431613736666463353032643533
61666632323235303661613962333364383862393465626439653333396261303635333465386333
63333737343239616164633932623632323231393539663930303361633163636538623638356364
64386461356236636263323264643763313138663764666436363231303036363437396136346336
34396566386439663235613833323337356261316365313038643734376339396237613235373535
39653337623538626461613661353865366163366532333566613437646536626365633232626437
36323438656437313962323563316533646331623165323031336162366563346162343565343639
39643534653035616632633137623332383935333166633964646466613166383763306366653965
38653763646639316663306332356636643436316337353337643665333935383437346335353564
32333863663162333337343830383038373837323464386238306435666432303661313934646564
36636162656465633065323430386531303536393333663064313862313934336365613837616230
32316130633831323733323964393939306366383838396231636461313435353537313631386332
39623639366232346238626435356239663935346365313838663465323032376535336636646336
35633636393061623330336532336437663064303364313137633439376539316639316135636237
33396639363634666638383262653864663235636239323438363563316538356163363539663464
36643634666665393835643665616165313364363065646334303237613135613662633165623131
34383737353637386335383462366330353966303934343539363665643534653330613461343933
63613437373662313065363031323539373431663934333332643037383666643830383430396464
63643065343833623837363936616364646237336336313034343765363039393439386264663337
64376532643939636531363563373964326134613063366234356363316361663537656362663634
31636639636666623261326262383132393533663366616366336538363939633965343962623664
34663037356230613364306463303437373535346564653738353231616562316232363061363238
37393139353539333363636564316364356231633564323638613135393163376138396362313232
37363636663630353037373766363333343732356464633662626638323131366432383333626530
39356161653231663031633566626334643939616337306465383335346137313733646538336662
37343333326138653433303632366465646532626237656530376661643330363163346565336231
33396438663966663938366564373935343861646537333865323232363866396231643133326162
31373964386265623432343161663539323330643138333164623564396531343037666434613637
38643639323662336131373166616634353631353863656461393262386162363433633138336536
35633131303861393233653763363838633461633533393766386465656365393633383337316266
36323932656266386136346439663238343965666435376361373362386230336466616662363036
31643463653165396166306361623662353836643336313939323663393565656137616164306365
64303534353164393131646331303439303563636139386431363434646435613635323162393265
31363566613430376337626562336633303335346533363664633635363935613336346534613463
36353863366263666432313939356437666137633732306238613161656638663734303336663832
30633935356433623862373665393365646564323862663938353636653661663037343366303930
33333962653363333331356235643736353638333831393234663839333438633863636538333761
33343337333964323536393562343930663936633966613433323366376539353663363337313365
64653037613461323533653137366132333963323038356531346639363364656136353836316261
65613130323963343632383961306536616634626461653537366165616635643365303363613066
63653436613533636431366335366233636231386230653838653830326630383030366133633836
61633539633064353232333336376239373131303166633231376533353265353865653964316163
30613963633133316434643331366265383061373330343262346332303861663937386234343737
31363066393066633064313036383937663034366463636537376566363936386663663832323236
62366565383830343862323634343666343263633633646535376338376439663261393135306138
64303137323765336139393130313935306235343064383930376130323733346634366663313333
34306433373038396661323263313933373662353631373734613565333766633333663632343566
63646538356532656638343433616331313031633033323561383562353838353139386132373135
62633365633035666439646636666134376633316361393063333834376335363235316162646532
33313666643338336631636135663936363334613735633237383836383935363165316563373863
66373531646139613330646664656535313536626238356439383339353934343236373336623537
30633633316135366233343064396431626562386430633533633738663537376534666465643064
36666331626566386238666636333961383431646462613762373234353961303336376265396231
63666464646562336135623233636438656265303337653137373237646634363663663465643735
65663939323762393432366434303231303039383865333731306133313334373039373333643262
39396332616238363264623332633535376565323734356638663965326432356132343234636236
35356664623034396361313864386432636664363065643564396630646664383032356363643066
62363565363633613664633163626262353665306534633439303666343763633161623364343837
36373333313036346665303564333530636239373838383331313365313833343264363331346166
37386635626136366433326163633265666432316633396562303966383030396164363562323530
36636165373762366561393162353566393661646164336562323931636231666666616265383461
37616239353762643733313532613034366566653532323565396363393036336435313338636436
39363330666134656662316231313032396362623138363966316665633938306335623130633161
39663362666663313566383937646663386335366634333231343865653862333763663530313366
37346463633063363031626431373531656632363431356237613235623336323534353636366663
34303739653836613237386361383031373633303061326438383538383765663866333233663638
30316366623264643330346365643130656430633735363739653065633434663730333033376430
32363132333035653537366536643033303635626333326135373636643731386339393030313136
39343331653562633531313135396337353266613631636534616137636332333562356662346561
34353434386161616339383131616466643833666631353130346361356664303135323534646162
35366563323438396463336361363339326661373536633136353832643736333437623063343037
39643735313930303638636464626634376561643264393539346236373237343662623732343861
63623731646630636261383865653966316636303263333061616432333932326537363132636233
34643630393135663331386661616336383562666365643037303464643065383264326130376132
37396266303936326136326430323464626533306130353230386438663334653361643266393835
34623561333539336235666364393366373166326232653432316134366131323132623437373766
62343234346636316631356332303131343565343533343638616638613338346637336164393230
61363462623063386462653433363239633163623531313038333435663236326166343233323733
65613234393133626663343735336432323765613237373661343233363436353730376231666338
34383934396535633263623964336336633731626265313234333434366565343833373366376438
36303737663833373732646463646435393564343064373230363536316537636330623933376334
65613566666666326134643438303032623739386433313338333536616439323764393139666331
39336533323630623937356236373137663063666132366163653031343938343331303731396363
65663461623064643032306436623639623435396330366231323534663934316531333037623861
36636430313338623837326261353538393632393139613864396631346162643833623263373637
30643663386464643264323464373631313236663434316136306339386162653036323065313563
38633937623430396563353034613839323330636533623462383265386165323733636463653930
39616335343235616633383165343833653864623762613062326464353835653262313533636337
31653636343064643262333962376531663932316330316133393963396433333861646265353761
34616433633862353865323266353839333437333165306562323336633666313231353334306564
66323535646135326538313765653732356135323836633465336336316431616162613739663730
64613865666265323738323763313862616561636630663639666364356134633262663735383133
37656337383133656233643866333962336565346136343936346637366665393431636635613235
36646264373531373839653034386537343665366632363835323765393837626661343830626266
39373133373262313366316362366334393133353666346532663235616164363639376639383136
34383735373931643538656137376138316363323763323261363538333135383066303630306633
66373163313731633534633462666239313862643438356433303061323839613662316231346335
36326234396361633932363039336339353331663162376463613237653564356133363831623238
65306466303038323865353231396366326332653833633435356135393866643039663433353136
62633533623230353965626535376230653532386564336465373732396263663062386636616338
37313636376535626261366135333361653865336664353238373432393434616635316634636636
33326233306162376336333031626461336661356461306533643238356332643462343434343130
30363739313261336532663230373230313762306637653765333738643838653866373961306531
34663061373566666439373866646535316330363930636166313932626132623163646332636662
35666462353465643731386532383530373535623036346161623861653764623233373132363831
63613866303131396165653638326233346166386534353364393638643334643163616238343565
66313439313539643230333337653963363336346163343761346135383135343230353739353838
61653265346664613363343665326263383266303462303163633534366261383936346133376439
65616330363130616666356531643432353562313935343563316232376565623666353138656431
61316666633263623764653263363262653062666230343965656436613238323730346165376465
32653463626166653331616233393165383863363038366536343634666665653637643663306635
62343133373763626363376563636334366230666536323434313930623162623764636430306362
32336266616433376638386138373837303732303462333362326237656162376161313964363935
62636336323631366365363132666163643863663836626339613534386330303162323336613938
38316634393934376433306539313334393563376164653865616531633336633037633438663530
32656532306338333038623761313461346437356235303662393137653937643733346131623464
66323731616662656463316533393662663930306234306630373736363736316431363839306330
30353034623033363366326630616534616630343130616139323764623862623237643736316132
63323366616463633334663730376333333132613865636638336238303163303736646336616233
38326437316439653030613535393231643266353333363762663362346435633131356263313163
61316563326432623038643865323363383332636631633162346166376237623635626131643831
37373736386564646136623735323464656238613339316461373862313432656534346563653239
30643763386133366434346434653735373262333231383661346162343132396261363332383165
63353134623232626361316230643639653165366135396431383835656336363539623630666466
35343834653034366532663966333735356630343236616537363465303330613462306536643164
31643465383262616133643836626435653837643963303365313166303938623532323634313439
35383532633835316161663138666264653136353365346265343133366132636639336661653830
38383665643963336565306630386162373237343738313537386166633031343335373966643535
66653931653336646530303734353061363231333532363131313239303363376461633966636232
61303538313061366565616562323033363762656332343533616436333963623230343930356434
66323538316538653935366334346365343861633165363161653439376162646333366565303534
33393362313664353831646530346238643265613964666636636537626231373937646330323738
61396565313061653033333466376533343232666434613034616331323732333938323639353835
31613364393835323631306566636534623861616166333030666466343364363162336135386133
63376464383736613262313531346135653564346261643031336134646566633432353566326131
61313333616663376331306562656232643333333833303261656563333537333931313130386462
38656439303561303438303730363831613536653166366533363466353664333066623733373165
39323833396231646439303238633033633965663837653634326338633536313633356666303231
64643839366337663231353965303039366330363961353666343934323033613530373231336139
33623233343262356333326366363433393365346461643435383834303763306533613736396538
35623734343637346566323032663831303039333564663263316232346261616362323432613639
33396165633263323431646661633561396462343536396664666232393131626432333734326634
35646464613965633337656662393830383533626466366332353436613161336632353562666337
64336530393666636130633634303633613235353432633365366631383738393435326166356136
33353932313662646435373537613034333033623933626238383566323634633030303832316339
66363237306535666637363030343464663261353734333261643962653132643636333637396339
61306165656261383766643839386331663738386531616335646435393736356263636239326638
65373033313862643535353037633735306166303339376564343365636433303764613961633739
39616663336434393564656638313134636432303934653033316130373637393832313034383730
31633839616133383766623537653332363435663333613961663330616637303065323032613533
37343038636430323663313535383533616365333631393539303265383834366166393238386338
32356361376663356363306235363735663265653365633135373733633931316461373465313737
63636265303664393661613834643865363835616238366534396335656666326134333036326463
33616566666234316263376437383438393239353337316261646137666337613865313235316264
38653162383065326562303531393235613537663961353031306536346535373862306636323730
30306464323336393934356264303665353766633935646236323032393930353461363034653162
32383935376634613631353565336437616134393538366334663637313837653762373539376533
65626436383930376234366135613634313265326132353837353738346364363565303134366133
37643266343130633434326334356133366636643266666336616562616136346366613834313130
65346531616639633737653933343665313631373464346261353263643633316331396261323963
66323062356565393430383730386131306538326438633239316263653238663662623231663832
66396566393630346233653039646330306637316534306165643739653136363862623030623762
37323936646566666330633965383332366632616666653733363937663966646133353634353533
37353538616538323632333261346137656362356263623839393134383563336337323061643336
37306534336330373030363533373665336263393164386136653935323734393065356265656639
31653835363937353336333661363464643763326238353836313364386536633662376164646333
39353334613131616239303236316430326432616334633431383363363730363233323931666165
38346563623637636164356534666237336230373930376632343738353738643262303662366266
36646337636634613430383536313535626130316536633536323838323366323166613864343635
36336536663464316431343965376533653562356239613836313333613535376131386638386163
66666261626534353830646333376464616139333935656233646433393663633266323330393132
66306637663165333265613834353539393633663839353638636533356633653530373262353361
39646338363762343932343938346230393337393035653932366234376562643465316261346239
30343463326663303362356238353130373534343939663466663265353332396466393739376236
30383435613963313139626630323262383334633434653132653866396639363463663961646562
38343936363866356263633263383465303965656234666163303933393464316166616365396631
61396233313864313733303133343865613462323161326264303430323462666438336437363065
66646338376665616139316334333732363431656233303936353063623362353730306333663466
38653839633036366231633230666232353764656562373136333333396635653230326164656635
39653164363537636637363762336438393232633435373136396261636337363364363038326138
36356138376631386331363833363164373535313466393564343261393035616366343862356665
66633565313336383733363533646130646637616164616531313634656561363037383861633537
64383736376630633336356237323533663365376438653934616430373433666533623065366532
35666564303833373162306632623461306664323131376531643066363535333839396334643335
31376334316236356231323134346539373963643835633661316365373862353865626334643931
36313635343039646363306336346566356361313163386334386262343238336265353064333766
65393437653965643832633237633461336231623038326234393135356533643361396439336663
38613035653262626532333863303163646636306332313233353630393536663432383731386237
32313133613764366532633136626136336661353037363231323163366538373032663437383830
35643566346330316432363235633939316435666231353332333666366438383935326433333739
38333937363337386538326631376266623135396361393130383438616636616430393133386564
36666231666130663539396363646631383964616332646362313735373131633061346139633139
66666532393565643232633830373765653137353466393034393261323762376437653932393439
63656566313065313938333135633865633336626464663732336431633964333536653063643930
31313231613437346535626231313837633830656165323132313566636563636631313232613739
38343963393534396632623533643163323566313065313539356130656266653231303030386564
33336465353231636464633631646436636139663633643866623230326530623931613964633033
65343936633565356235303763616463373936383561316565306231333563646336326338316235
38366439353561343261356231303434356235353565636131656566376131336165366436343465
37366265613330623337383139666237376238356661616230643333643364343565613534316339
63313839353463356532393463383538333866666231393236323339326331333966373564666533
32393061303131303638613038343330633537336632646666343230333036336637303732633135
65363036626134653465643934633430303031613839393664386630336637306339613434613534
34623938393261626261363766373439306533336334616162633363663435656462353464663632
35633461316531666565306339656265656532363265336661616330616531396431643130326632
33333461386162366131623238356131366538623135346633303161646330303562333430366233
65303533613734393135326366346631663562336533373534303735616532326264353837616330
38643337646563326363323761643461356230663436336335393266303466353862316137313133
37373331653664363333343533303135616331633037373865613165623731643766356635363261
38323861306135646262373334353261663532623263303066666630663030616662316462613536
32353566326335333237356238663235343035323063346134373866643738366530663664616237
30333161663962303831613966346636376163643833633364393763643331353666633965313035
65393537656137656666333938643734646339303834666637383530663136396438313031323836
61343463376139393232363861383637313230666430303663663039643135393866326265383036
36633465613932333962396431636636653662363130616263323434356561323439653665373665
35323136343435613164346461366537623734633033613635616462623932303937663962656665
63643335626636393162633062316636323432383736613231643230353238303361313364613530
31393230303138353232356631636230353561373736366165343932363663313630386139366634
33356365636131663565623763343330313737383366616166306637313961336363643961666566
37313838353137393437336332666531353439633362356132616533356333313562393130613635
63616533633036393535663165646261333833343939333235393137376633333266373461623134
36393661316266623239383233306338616236343464636239633438636334383834383465386631
62636264643730373034386432336233646162646334383264323931303034333561366131306461
33363736613463656364363531373334343538663863393134376266393232333463303061346562
37376236396365303865633938616534383439393636373235636633663931636665386335353332
34336163316133623666663731616132616239333331653934643136383739616664326138333532
36633265323039353866343635613434313831616638623836613539336337306661333834663136
61343535366564666239613635303938343339393436353062613561383031383733366634633635
32363165396162613538343430656662303932643137643464373963613634353936313161613365
32303135653632666439653063663135633766393936316465623763376166396333333866656562
65663966373865656362616439613963623664373932333331373238313833633165336335313334
38393438633363313562663038623431363335343266323235646534303066346564303234643061
37396465323261616665646565623430656462666437373832353063386138663931393964633961
35633332353065323964616562313836646539386663383533616535323938643237336661353265
39386662303331333434346633396236653531656634343734636662623430323531633333383731
31303734396433373733323761313931306539366261303962626339396166323033306335616330
61373761386335653936306435363833366138343535653462653939613935643064666363343564
62376132343334373764663635393162663839623533353035653238643934623831343564663838
30376566633661636432663066623139303437393463323232336563656365313761323131653730
63623166663431393862396339653439323032653063333632376362633737376138616634666431
39316538396437363064616233303331643030393763343662633232303763303439616333633839
61303932353331373061313666616331653638663833643862366334376639336232653832616534
37323133356563333461656663663033386436333765383934373565316534666132333830306530
61376565623231363361373236663830633561626362653066343466316135343637336661646166
64326637316365653662303664383063383666616430623165363466353863323036396465386431
39316537373265383334383334353031313565626665376537346235333761323330373730666537
61653438316466323935633062383037663566663636636633343534363161383666653365323237
66386164646330373333353061376136353332306532383166633836636336656164643866376639
39636365393732323534333634383436306466353934393236336630613735353863643630643437
36663561313935376330303633663733396337396430386661353138333632386233346634636638
38363763326432303936363366633962383736346361303634306438366438343462616564656366
30616561313730393738313135633935383933653764343530366335396566386161343236323933
64633631383633616333643938633036303232393239326365643236343365353135616438346135
35333731653265633830613333343636613461356432663330653638643434656336306231383835
39386636316530393065663630303736306136393834356333333732373133643830356538656531
31633363623632373431363661663362363936396336663364636164333661616165343236353861
35313961636231376662663434353435333035633130646635626332343936653664373530343066
36353438353462383634356232666534316639313062633037623966336666306432326461336363
34636465656439383630333731663662326530323637366465636566353165366638366431646563
65323161636336316433303633373466666233666264616531353438613538313966303034616264
63366637636137633136666361303637623262313262616237373134343033323033343636336365
38663763316536393537646531343232623037323330353262363931313134656237613061643533
31353164653930343665643430653861383565376262383730346437633336383764613131613231
31396132323565373136363930366134316439666666646261663962636365613136353635623064
31646534353764666365323164636638646162313865656133653930376537356564623839343534
61346334643334343466656465336462356234636266656366386262663164383366336264313663
37303965626561333832616234613662623863663063646535373865613265353436393832616636
61353635393935393061343233373163643664396366303639383230643132306163613636323835
32653836323936343139313663643332306232313535356463303464346430363939383936323135
30623762636164626133643264313731616362646634653636633031323564303763653462666431
37373664336238613565373838623066653030613339653535613633343562643639623534343239
36633735643363373236313432346637373961386333333137323164613666306635363566363030
66643134663234656338623432663763653763313032333665643532626463316364346434323961
31343433656262373061306433376637363437353337363766643662666438313539313833363738
63646466363933613063323762663139623264343932363263386562303133646635636364633635
36626434613030636235393562656362613362356535303832663162633334653762626232653238
38613634323238316434386235623731343333363633306631313362616262306132643762663964
36303938656339616338353333323431393331306436303764343236383864393464386434336364
38383935343931333964316461663038343834313632336461656133323963623234376666323631
31303231613533313231326637313636616134346534373262343638616131393264613637643830
62373834383263396166663866633135393835383663373061633862616330396632653165643265
63306265333234653230313835393538353536323034353962353538363361306236306661633534
62376232623364333830636664663833303533353861303064613031303035343961363534656562
38613034396135633264363032376535376239636639623630313832303365613261366438306538
61326535366464343165623061363136376536353130393263386431616530333935623237336330
39393165373036386134366531616561306566323962373334366231353162333163643536386265
37383638333038373832623536326530663162313335386466323436333762346438626635666639
36376436346233333135643464326365646466626565393965353765363565643337373830616565
63613939613934303865303034336239626333663937353332366134366364613562653237636161
38373030376434336333643565363739313561386232623237663433376332306634323033646631
38316162373466653535383433333563323235663532363464653537336535386431376665623235
64373666346162366631386136336361353938323930313232633335613762363563393463653364
30396231656564363663323837623836323864633539386337623830383739633238383861333466
31626263313034633565633662383863353465396134616332626231316330373834343963336661
61633264373434393635653332623862323964623063393730373465393066343930626536333135
39346533653539626133626362626232373665306437383266383964393833396335656665326363
31643037303837653935343434363038656533333562646636393266363930613332313133343864
64396164316361323235323235356637386462393464366631326362356538316539613732653965
36643661373533633232353132396539363231366562663133613339353932393336343661656433
37366533383334326561643966623437636239633438383561303132636331616337366331353362
35616366323934656132613765373138663138396535626539313866613362336232613862396161
63643730653235343134636663396337646364386366306263666664613533633739623438333233
61613963376539623433616232326266656462393137653862613036616434353965353465663033
64303035313130306666623039363264333133393132653238333733396631343266373834373631
33636338316162303562393336333064656362383765636430366463383637366566333862633931
30316263656163616365303739346630646631383431303437666531656365633936306665316535
37666561386562633431316362343736393862653366313035313538663031613238623365613630
65636135313431626631356330613564353231313633366264643532383133623735363564303364
38336462333363623461336136336533306136346338656366356233396635636338383863666461
30356662633564333836613939356235343865383836633537333435663034336632386431383630
33643835383934653166613762616630633734313435343633646465613465613030343035323237
36643664313234626464346339613562393435633736346465613936333732346664613361353863
37306562336635373762623866363837616630383330623336333838356131636537366462366363
61653066393866303962633937653636653265653064336665616538623839353061666365383364
62333237323435613531323638366261303832663431316438343566636663663638653533393438
32663337353963343663333530646436386365363734346262303766663532383065343063626130
38656363323736646361616434336363633535633463623565376463383339613937363631633939
36316430633130386332636361666362653033326630653532396430313331386266353762666332
35303336646234386631656533623239363461363064653864663466346434636462313736383835
39636632353930363364336130346161363139666563613961343633623163313933306338376632
33303630393162303562666232626136366563363934373836343933303431643333366464306361
63613064366364326137376264393830306530373737353666666665626366353533636237356266
34356464333631363739363438343339393462643665323364346365303539633233656637393065
39613366336233336366333039303636623930383463323635643939323330353438626264633432
33383837663439376337373631353434643864363831303036643434393433626438653966333636
66653938316162663931353931343532353132366137326633363661626134373632666638396533
37613231633765306562353063353766363762323933643762613030623238343861373761663363
38386664376538646130633734626637336261626138396230623065663834653361356636643230
38323561393763666637313666653038643939646635303430363262616339333131313165373338
37633238353639393466613038643566633762346264396234333133313331643635393232613763
62373234656562343834313439353439356361663332323337346130353766306136333230323561
32343139366537336465393161353030623165376262326132666263623563363138633466306235
65393635616638353761626239643036396439353961623534626331336536326535373264336338
37366666323331336565623364656161303838376465666166393631386664353330636239353039
61356362643631383738636464343934336630366436646239323666373836393635646166633062
36376535313864633032636565353232656338343831613836616362313364626562623936343866
63666437613838363636313637383938353965626230356564333132633933336463326139383432
32313063326538376637356530376564656534613730323030373130333633386331383937386563
63313333343039383739663736376430306665616461656566346431346464626234303264616261
34666336663630303265623736303233623163373537383265346265636138633739333534623466
31613233666665336664303264653139306135643564313265643061303532356431323563356238
30383064383731373137343336613838323734346530313438663163643436363838323632333336
66346632643230373336323637376137333637373637643333623535303839653035363438666163
35366238393238353662323739393663613666616264366532356131633630663336346164653862
64316437646164353639323737353065346463653962373839346232323032366635656365383566
37656266656634326530303030643734646132656264356137643039343338366537363832643230
65653431343830386134613366323564306636356266346464396535356362333939356332333536
32393065363661396265643237663761636264636239383935333564636238643830643039353166
64363939333062663838346536366436366138336639323665636461663139373634363065313566
35656362633462626262353161383237336635626464616532666663316539383032613439303765
62333631653836643063333963343565343362333264313662356234396230383633623064353335
35343562323131396231396134663637653663313130663863633637623937383539336535663661
36356466623839666330393134613735383764626664613133656338393036336335666361623866
36616539623030396263363033393637316461333239633839316131333563333438356238633331
31396137623230666136393637313366323334613136383238376166363237363966393037353234
33633361383039633462633832323237333230653730346261376433306362396134666538633236
62383363393737663633376433633939363137373732613930333962316436643032363465306137
36323064316134343130383262323661656366346231366661393463646137333363653638343832
38633037346264383130653338396332623732626565306535623361323161306464656632303539
39393831643862643030303361383361366462656335653364393233323934326162316532376630
35653536363235326235363539386137363136303665303839633561323461383034313030376565
61346133323366646639323034643534656434623862343032303836376138386138396535623262
35373236636338376661343562343463313161653034616562346666393765633231613961386534
31343136396533393161396437323961623065616431653866616361376665633963343436396430
63363062316531643062656531663564396263323061323630626234383138326561356364623064
63333965616535316661613235336135366165616238316236636465626466646532623237306666
31303539663662613539613432393433633836653839343238336336666562653937376662653062
63316434353935383639653539663134366663633935623436353736333266326363353934383239
61393030623531653431306137643431363039326634653833343466613365323866303131636339
31616434396439373033666463326139663038613538663131393331313932626235353665656130
33656432646536653932646338396532336636393935313736346163663465666565336530626635
65646538393663643861303264623030316435663963313531396638656230653763613938326237
62393339313439333130626438366233646636376438653033646137333737333633613261376634
34326436316632643335343262373332323631666366333965323164643564313939363838626664
62333464343939323536633562323638613266333532646335373939373562643763333064353131
33303263306230613630646435333032616333633531323031346163353962626230616464613939
62626164666331363937626666373163386536643766623466356638306133353934653331303337
62353336633763373830643038393463323530633636636438313466396230306365643032346664
36373135326239386565613265666239343862383763383664613634386631643139323761366431
65393363343931366335383166636139613264346137363838356639646537656538613264393165
39336331613837663536373430656438663634343966656263366532663630626131393137306338
61663537343130613336356264353231396663626665306138306434353365353961646130626230
30346631356366633337333239623564376165326633396561353631333838323035396230326430
34323865663534383566646665353232396637336666383466393966363764386639653534303864
33316134316439653132613163396566366362653035633433626664393036316334363734383331
38396563633232376561653835663766393332353564636130383035356337393939373930386538
31303834376664316431306538353663323031383532366535656239356239636433366164333364
64623837363261633366363339316133343762363262316162353166653637303564396363363539
36303564356363373837656366653966623839326435336631373337386237343363353636373866
65353736353063626365616566316562613064356561393035613631306135653337303737343964
62333662306134356637396633313134643135323364313961383435336365656365336261393332
61626239313361663637383961386236326133646533386633343037626361646265393338343439
31613837393037373165626364373537646462303734633338373435663539303832636334663838
30643931613834363966346539663030323639366662303366396132376630646662613632616161
38316261323536353266306638333230313061626638613335633864396435646666383133366633
34333361663863666236633231313435656238376364386365656361636331623539386365383335
39643965343832393934343632313238313037633338346564336231363164613030643464366436
38653863303430343836333832363533353639393438373938386361633232376663623863373639
62316639666332653837333235333933383663363863333765613064373633353830336163383765
30646262653538363933626265333032316661633737343632653239383838396364633537653064
31636630313532663831333538323065396364633662323739313366313165653732363635643730
62386565616435356436383864333134636530393163363838626463316564363932303538386639
30393830663236653136316332323233313962326266306561383861353836653463633333383538
34353631303566353033363532376236313062626639663633323939616432623839316236396430
31306334343137343939313134383862393965316532653961323934346230656431396366393964
35353634626533623533643561626365613839613466373234323265623363636435306462363634
61646132636135336563666633343562366161646431326234343437303530663462326539656339
30616433313337623839626161336636663439613966626561663065626339663661353663633730
33353137396435333838386635636165643932663833623236366661646431613333623030613563
31316163316136656666636436623630336532656634633031343666653139353266323430376638
65323265666430396362666433383265653563363039323962623230633037323537656334633161
62616263303561393031656132633539656330336431643163623934333038313638366264373761
35366539346661663837663230346361323662386564656663613462656636376637346333313435
35366264373132383861656666626264363464626230336337376663316331663231353561383336
64393730323530363638633263353339643663623431373539383333656637323532303334663562
30633964353964376333653533366632613638393839373063633335316539343136313437343139
63353638323135623563363863393362303064626136633632353734666331346339383638323963
62383839303530623932336663663265363435633332643861343232313733323563616262363238
34333235646239366233383530376434363966303763313139643865396264326230623230616261
36663639396564313764613133373765373235613566633263653138323832343935323439386639
32363137393764633662393738643938343264643766666365373434656231656439313334376262
33643863626534613466323663326434343130336362643066613838646666613465366637633534
36646434326562646438653233663935396333323635663566336639373564653637396537646432
33356234666137316439323333366361636636623438356639653365333832323965356566653239
66666263643862376536643937386236306431653962666266656439396265386639613561626564
65313464393335626663376437366164336139346131346337653036346139306636633937383336
33393334336236666531373737366535613934363039613538613266373339663362376363363436
37396461336339363030643133343631656237336561353333383530333364653035646332333935
63666662666661663636616664303934353434643565303932643034366537623764313435333465
64623462633735306533333032653633653830333366626162353961393733613835316239613632
38613134653734353663653561363732386636323033626234633866613835666233386665356438
39323036386166626233666461343036363562613132386465363431303565393932333466613732
61633561616662643537313134663836303135636538623661393265316366353262346362663733
30616134643438656432363434623466653666653135653535393336333132643463353639393838
66616537633337306634303061656632313866313532376639336531316333383733343565326132
36613336313736306235353462376563666361633330336134383835383536343033653831623763
66613734333565613266616436363263336239316234393331366466343465353661643030333362
30396363393963646138383638323431393933303030383564366132646130373464373438363032
61383363313832636633356634323732303733396333386166363335376530336137386337623665
65653732623338383230346265333462323837663437383337646338326130663339313466643930
37323633333733383539376538376535623566306633636461343537356335626433623232613366
37323135363066306661393930363031306434346434383739316631663431323839323464353664
37346231623934616437623738333261373231666565646562303138303834336261616562346462
33633832333036643339613439316130306562383061663766653634656634346463343630613662
35333066393630613130616330633037393535366331613363646338383539653833623164643833
38316530663631386634303662343835393730646236373437623864386634336436353263666434
36636662356335393161343633303363616266666238383963666662633661303130313266333632
39383864303937613163333632646139616363633166396631616330386164636436393130313664
61363565323537316462326265333237396465323963646535373537623463646664346233333135
34323034376463343437326438323436363465663832666331373432363561303639313132643638
63646431653238666463656131363830353364323433373663653135356565393530633564326461
35396431613761616530616637303831373133643233393030396266383633643330366538363436
38633131643238353561376166366261623430383865643230376465346435316565366565373531
65363532623665613733343166316535323266396338633164393733323534653063633661643638
61653831653730653736653663396635323335393232326331303438323433626166326161343961
36333038656662643437336438633064343936323738373537353433373331306634623931326361
63336639386338616336353432663636613961643633343535633635333833636564386633323861
61636233646538303931313837343961396165343735393333386632313836386237343131623236
38393862383864373138616538303330303464303834323739623966363832656666316631353939
62646332356637613061636661643738383232333736633366643337643163383338336233623039
30653536323736666664643463303165333764393231383135303639323037373135366435313732
31663434616338313663343930633063396631373465373361633166666230636333303839356231
64373162666561663465353663313932643137633966613364316232393831356434323064616636
30343734336636303635383637643133386530613437663462636538663935613332636136373730
32653337633933663161333632396362653031373661346164393730353561643561333361393630
64396434333763363833373732396631653637616361353565383237643731336633343137353865
38356432363738616263636363396436663162306237383932313832393863343235303364646131
32633933623335386236313632626538376433633837373265323761323866643037363561666164
33626336616165383237393035353738366466663737346566366338346534303734363062626438
65313134343433353139373937633938613138383862366466376631373937613566373563333835
38666666333162326133636565653734663731623462333233393965333839666631376263646133
63643364316539363535303632623464353665636538346533623530376635396639373130363463
65336565353136343334366362656133656630616263633562356533356564663761653330343966
65396562353636376363646266653365616431373939376437386132653936623039373965333332
33323738656136373938366433623031613335313766616436316435656236316162633137666661
38643839353432663436333531396631303130316261376530623863616432316234663361343435
37333036363231633365346638363230396339643665376336393038326338363961326137306537
34626233616631393632323631343866633832623135626162323537366437303933373039343836
37656537636434663439393732333836613038646630386439396165343832663733303137623661
61363334653031623035366537303636336635626164373362383933353561396161633763386633
63656638363033646136626430303030356632316637306566646630643432303363366265623764
34363531613866366439363339313238646666373361623533386632343163396562393439336237
66366262663163366230643261613030646562646539386333363863623431663238306663323039
31366461323638336539306232643562303137623364396532313336393465633665346530376666
37613036386231326365663536303365323934326166613162633335313936643633383266353930
34666236633039333230376363316438623238333337346331396262656336613339613239343230
64376635373339356236646366316463643039333836303337653530643235616437303537323065
37636135633036653961313731653338306232666538346364303063633532666636656533396164
32353663336136353765386431643730353733333639653038366465333766653334323963663665
31383735313161303739316561613832383734623664343862646566616434633334306231316266
62303766346166386465343063336337323662316261343364626466346263643333646535366538
35373938626461663365383562616237323130373636633633383364353537363064623864343934
38373731616463366665633435303739356335303337353564636465643165623535343939343139
61386639323133646633636232303630393237316338383164306530336132643063663365303736
34343766666233356332643764613438313564616439633033616566303231663961393036643636
36393230613466303464613130616336663534326131303230313961343734373164613337323037
66336138633465333431346164326532303363643663633137303237383236306563343262663836
38383463366437316230616332653735653530363130336531656565306431396663626639653365
34386362326535343662643066336365393530363235363233343963323133616366363739323435
37343739613738326334343165663935333431616339303366623939353734373731323338653262
65343233613565383261363331323439303538653061353139613131633465333838633834366235
66373438306131356466646232636330356139393163323539303765623239353236383066383765
34373936616264343665303264636337393362636663656334643931373764323266636537646164
63373666373361353932623137303361343133656665353033346666326665393164343637643531
32623665373832363036313962666233373564656435666134666234386463306539346230646537
31323138313035343438633931653531653863633334386436643132366432653666643831343639
35316635626337383735643364363763356266643434653831623730663030383962663235343730
39663131626263383133363638393062373735313136326639353434396134313934343665323138
33353735633165643236643161636263383532326436663934646433336337393866343637666138
32303662396466643833656237353639663739343438383533363331363336356534383962323439
66653237326366336533356331316332346439373033336166323430373331386635666638656232
36626563383130663361396661363665643335653833613264366430643936343262306232323431
34386166313438363263303536356166393362383463326239643865353638356630383337623861
36333330636233396231363537356666343663643131396462373365613236313361613038663737
35323466346661386435343164653738373865656236313965646265633561323637346165353434
63383764636337353432316665636266353536613132663935333532373364663666666633313261
37333632376231346164306161663938646564396663653665353664336535376433326662616337
66386366653238326633616562626132626164633734386631386334313965366562323731323839
34393835363562323639626364303364323534633739666462326339613239326139316139356538
36663837643663613364663532336436633732353535363533373837353661623738383431373863
66346664313331353834393963613465356265656138666562353138376130306432393466393737
35333737383736663466613764306364333534363239396238346662643932363438626634336330
66393435633132376465633937343738663137306331386631636431626634636132326538663663
66333261333330343361643136363062636565613734343331623138363034343434313765643663
61346233643564353232326238303932666631323264366165373237323431633433316138623761
61343432303939333738656238663932373330376562313237356663633037313464646130373730
34393637353639383039366537633337363334303636333435393430623032323533633930333439
61653861383765356437363863373161383561633631396137633065353437353064633536646532
61656435643861666237376632363765336662383631303764663939313739636661343565373839
37633631633038326539643863336638353238383064306365323034643635376137396333343730
34356332646532623361653666613037353663333633356335343138666136656666323165323239
63383233353630666661383636643166616632363664656364643263643430623434343430616631
30313065646164643333313963633561393765303633366664363634306136356337613163336539
38323037353062386433663633613730373238383436386563393538363938633836616365316334
31616661316566643833396132663662323437646439383933346539663530373961613161653936
61373038636433636166643330353832393838353161356536346230646561306162306264373733
32303835373436356335383537373166636238616537653436666437623931336632626566353837
34333533613538376138616263306164326637663931376633353563363439643730346238353361
34613338393734316431336635343866316365353736383430386464653733396432633931356635
65383433666334636662373462366230353037333333373932323336333238333164646166303562
33653164376364643130613163316264363131393564653366373133376362646363313030323838
34653634303035656239396665343666633766396533383266623630323261346135393031313833
34326236363235313233363232316238373464393063316435656463306234623662366566653361
65323463653332333531376463363566376363313564313530386532636462346362633731663666
65353362633130383161613664653638326534636338616665383135313361656464366437313437
30666333366337626366653164383830613839666138323235666131336234666438333365643335
66383631653236636633316534396165643334383738333063633532616561303062643165646366
35353534373536636466663732336163636464366534643334626566666163396164303666346133
38613264363266656232323739323264646365313964353832626533333339373835333865623932
32616232663161366234383439663931356166356365303564353235616437306235613337653231
39363735366236616563633461303064323361333963633534353535366533366366336663633365
33633031316134356336613138366135306533663537623337656138396566393163363938306434
63623236643831646633363535336234633533613037303036306631646133303036633935303766
31323036613531616433336631363462396463356339353137666166303339636465316137313965
38323863353436343036656565366330656530613438643263303336373832386636653139316566
34386636353533346335623961623231633230646130316361336633303531633038353337306363
34353732666432646438386663346633333032643235636534373865653037376466626235333534
30303033313639393838346363653434303661323238323164396339616339643834633166363633
61386136376362316438336164353434303562613030393838313631663939636138653365393364
38626365313936623034306631626235383666306330616464313130343564393261346232303634
39643365633662653663373235356136373364653938336535373738663633383531663166626435
39653531666666653632326366643739653033613531366434353838643864353434326530383931
35333838306232356330386436343864653234333361346439343361313164313161643161376238
31616630383665666434636236396334363939616161643663323262396339383162663730623966
33363762333339323165343362306133366234343631353936303763346363643539623534343334
34303532323036656535306365383630316162633537663237313863636632353333366564663063
33633038333562303235666434646166373562656362633435373131663936373438613863623737
32323965663730623032386232633635633761393836376163383638633263643864663064613166
62663461313638643035633139336331636532333534316534633562363533613436363863306665
34313535636565303963353562323466356531656463306230323637656661666132353465396538
37623331396434366135613039653430383064336166356433363263376264373831633935626464
34626532393766643562616263623362323333653133363435613333336337636137633531313139
33623830663932393865383466656565346464653537346364346663656237326239383133393531
36393139303531613333653263633635306532346461353539636663613635653035386634323330
66666237356237346233656663646139633931393639336332383664303966386635393034323561
62323563383332393739303264616333353830376563383434313865653934633966333261613331
34633864363638313164376436666262323262353230616232313666623162353031393335636264
66636639373761636230663532306339346137376465643533303735613162666635386665616533
64376335383132336338316339346262393537616437643730666530653336626132626165333865
35313634636235383033633265336462633537663932303762326530366364373938616339656138
61646363633837626562343831376264623433356334326337383139653866363166373336656564
34373432653966643435643431303131623465396563323561346534356339343037376535613464
31613034396162316631626234396334323739613764336638353930646461386264376461653264
62383137306332346362336634363362326338663237303831393962616262656165366533616636
30623261623431326335636537653535393932646465393836346238316137376133336664323363
33376434623262346531666132386634303739303832663832393036663039383136333138656532
66636332326632336533613432376332393535336435653463303238633233373262663164643765
39623238613264653063623461616232336161356330393031316232383336376233326635343761
66336661376630306433306264646539613938373562383230383538633536396264353431353032
63363264393830383632383332373238376438393436613031616337386533336132303630356630
66336433613736633064653062313931363237333737386239613662303764636233346336663431
61396166363366663064363137656137646162663331626266316666303732643764666438343838
36623530373539333663626565353235653631356361353462383633636135653338393463613436
35373430613366343536636638323230356639613264643336623235383537636230666563643334
31373965633339646331393435393535646663386637333532656532303038303665643538646162
31333331626361333362376365373039356331643334376632616263383565373663333334343463
31373431316333356565333434656331336461363265633738666336373866376338336536313763
66316134336235663437393332646438623435356237613838353936613661383136333930333563
37643034646637376334623936386365656665666135333163656463623134373139306134626134
32613136646262346233623631343030376232383966373366313463393166356663326462653536
30613931326263353161336565643563373032306533343332623131326661643362353862643536
62363735303861646364313331356132386630386361343465666434343237376131343733386264
37626330396438313562306431333563353665393230626337353838663038666562666465373439
64363135636535323062666565356139383361626338303437643334333338646438333364666435
61633434636131363565643532643366393639313063353635613134643963366166343139643661
64313764663631326436386135303462343865333030396666316638346434646436646636633164
39366237333662656465353865343232636436313138313565643861326465383737306631306562
38613362373934656361353065353535313733313731353139306635643732653231653738643434
34393336666631316261303265663235333366306435663562366365356639346634363666633465
61616161313066386430663735316531393263376335306664633861653030653962333337383461
63643930323663396562366335303566343133383534326238633831636631633230663236623362
33386434643538643233343034626538306332653865323533643736373830326635343537666130
62363439383437333732316633326637373536613733326463363736626264613736393032353662
30353934363639616532346465646635316332356163376566383332633432636432393665616534
64356637323134626438663638613330363737303366623636383161633131323236396361326338
34376632373831613563396663356238653964356363313334353163366666353733336639353663
63653639306163343333323264303532303263643265333532656234643833306566396131633131
62666663383636633536663835333464316237336362353639393633626464393862363763666562
38373561326339393064613763363639666635346633616561333637636261326462636433636335
61646630646332326165373035366537306633336333313236376162396431396261623932313231
34346631646665656236363639643361333732333830633636336136643334373235383061363034
30356432346663306235353963633430383739393362626632316362313562666232306666386638
61643133656666313530653866333065376565333665336338333461363432666538663062633262
31346162633331366266643130666239323737666331383734326635376636366434646666353739
33646364386430396330653034613337346662383134346561623034333164616465333265303962
30336331323762663836356139613532376365343666303662336262316636643361613538336537
61333330646532636262393932666166316261363066373535303366343338363133323031323132
38663662666138393064383363383734663365353837326363346636623135343831636332353166
30383165356530653938623531663766366634613135643930656431373638376362313438303130
32383531613930396666663035393233623161643232326138376261323438303865613033383532
66363536396531613564663039616265646264316234386437623764653666396639303763653333
32613030373634353166383666653265343561646337346665333065363637313365306632633632
61633161653338323834363765623538333832306130376338636463616534383231333164653932
31323037346132653230633032633436343536323232376238306336373137363534386466653462
64646537616630333630663036373562656333653363376531643933363865323538323134663032
36373231383235643431643535353633663064393130383866306636323531363136396432303462
65323633363935666136373538396663383462613061636134373766613266323962303130383465
38613464326662303465653038643765363064616366356661386534356638616265663366396336
65616537653965646233353664396532313633353936353531356431626466346463613566366263
62393334353866623635313863643535633630393666313038393162363631653561343333616433
65393235353563646263306464316138363862323963363537636436366433366632636331613736
39393932616563306335373431386135633938623062316632613137616632376261316663653566
33613861366638326265643465633632343365353463393263663766316561373835363565396266
32386239343030326435616630653436343439333832353431373633656437663461346234333336
65306363353335393932356437396339613666336165323464323866323335643365626662376337
32663963313730336366633164633137653139643530373131356662353234663964373135626661
32333231646261303430313837363537663635623863653165303765653166356439656436643133
33616539663965636338653865326331353736373532646465646138616434653565666235303237
36633966396631366262346537333763383139383237376236396165383235623438643766643961
35653330386361373833323133373437353039623136633264383364613439393165303934313665
61343635323363323063383439663266656464646463386231643334663162646632616466306335
62323964373032343836376164323332396464356332373439306330333965653239616565316235
38613562633533636664626437363532653132363737363233306535383865393132643535393030
64366137343537373535636363653734316632373034376162356433626237313362326634623262
34336264613962316563396339373332636131643033303163386563353236663461343364396361
65636435343139386238616535363064343662353834316535663862656139333161643139383037
66323562356161383233346130386633336132373530626432633132626539306536316430363939
38643465656235663935613666373336323131636661333033356133616161393033373737393038
39666439663230373161663637373736636563333535396662343363343864376432613931343238
33386331333936333139366532656133306338613562396130643839646137386137623239373637
64373865303230653665346634323136356461636663363861653039343363386135393633383931
63316134303536386331363439306432393239363838336437653337396233306633653733636237
31616532363335313761653932373633333037343961633330373665313666383366333266653063
34653639313464386236613532336538643832373861653535393263623139633938663762633137
61636661356439373737663361336364376463316237666332633938323432316163636638326233
33663637353565643865343130303565323261646262346664306633643164393764316137663836
61373133376337656431653430646462656662363432623532393435313934343638353139343465
64326632626364636462653036373761363365616137386162373633303761626230363365366362
64383831333432623434373339396162396238393763356265323566666537316330613162313866
65393961646532613339333239643139626662376633666135343639656133316231643161653263
66333061663039633138386435663664386235613666343932346639343863313363353135363162
31346564366463356438346562663066633834383337393364366433653837646535366334646538
37663739306437623262376231313634383636353338623162346564323636363966343936646566
36393430636238316630333537333437333437663138646530363061373030326632306162393661
30646564656162313666616438386232343762646265626564636164323363343235323635353861
35316462356563633837376561643532613233313034363565343034363966393332316135356264
63383537396430643836643835613934353437623366653666373535643439353831303630633264
35353231383261323532303066373662383561323932633738333661393362303066383030333739
31323530653030383932656531343130666465633165623138363234636565333662306337653366
32346462646232663439323361383531646130333463333534336163306539363062376634623433
66633162643839303736633362656363363637383661643639306336326462336331336661366632
35353530346464303666313530336464363139316330313033343731663761633136643061303133
62623230396162656238613366333035363534363631623034623339323034373431333666643630
33613765393461313261396238386365363865323364626535623465653166336361666635353163
38613037343037616466623534323162313935363334346562373638353030396361323761363234
36633338343265343234336531326233383063323138323465623638646562613630633230633963
34353738303962613162333838366134653739343136663465396565663762326666373264393830
62343331323838316431323534666439313464353135666664366637366536363036383333353834
64633063386464616634636133383431353365386532336563373330346165373932306437353731
65333761356561383536356265376565333963343738386637663166626330353261356438633363
38636532393964363534313662363465366338386430626135633934333838666233353065376133
63666661333335303762376630313338656565623436643162623439346561363965636636623631
65666466393865373633646336306133353535363537323935653134643439323738306532366330
65313131653136333430616533623265366636666634386430383532363634373733306361653538
33646232663337363563313564336331333966326333326431333131383264323937303931623837
64616431333339633962643565383533383530616262616336663930326338343263366631336231
38313832326239366235366236636366653633383430396466363838313961336633336365363865
30393130323133363865343234343361626339303535353037313534653132393863613864333366
62373963643039623835383265663332633861616539363365393735393535666238353063323634
39646262633937613733616132366532623034333230383435323331626638336264383531326535
64646534366636353736343436363261313563373734613462373032653564623633353131646236
34663537616664363735366265376665383730623739663135313437343337366439666661313336
33346431653963663236333439313630646132663732663737346438616164353139393138333930
61343663613433343231393339313163383934663834336431323831356164633337363036343937
35356534663066666337613134636164616364633663333565643965373939393564303132623036
63646632303031386430323930626365646266666661623032636161363261343435666665316636
33636361646664633533343133373933376530663138613364383334663063333136623064633739
32643930646639663962393337646430346231643562323434363632376262633938303134656237
34376533313262353630373139643565316664373962343831353234313038393039356465303661
62653063313737366437316533616530393934653635326465306638653635346365666664616537
61613563633831396233636637313738386437636363643538326535646233316163306232623834
39313133356431616465646263373938333536616564633662323563303762663563636334656331
30396166653462356438353864343733653837663637626661333838663662396538343538386235
33643636373463386130623732373735653964386437303431613761353266306162633033323237
65306566386366326562333931353431393935343434323134623734313236393663353537393765
34643438303361666361313632346664626461386231383561613764353761373066356434353538
30386132643363636466376530353731636437626132326362303830363266303735633533336337
64616462303565303239396463373233366166626135346230393566383361363363386439353137
35316662343566373263306333663866333733326331613864323831393435346165313362653633
31343266613066616132653735346530356262386366616461326466626562333136623433396531
64313639323432623862623636643139613335353636626561383931313666336335636433313063
30656363313731303866663330626232303638623361636331333034303635343933656330646266
37613837333733633831383730333466393532663835663038363531373835613638396464656435
64363331363832383139396335396438313333636439346434333338383432623061386335326136
63373532623534636232613033373638313563333135613361646531623866623035653632333836
32343432663039373032663135396364643438323131363639653437623534663530333464303935
33636462303430643561643163393539643836333361393136333736363130386433333766666634
35366438333830366332303765663663326534663332613062383330633437306136613031643065
38306239346362383534613836616233383538396136393930333965353239636235386161366461
65336133626332376562643066666361643136373637366537313863633765356137363364353562
62353731306131353036303162396632393933306533363964343435383566643634656333623137
35323261633933306334376666313332346435653965646662343438656666663336396266366530
36653734353139346234333537633232396364656338633961383162363933306538393066316336
64653064393662643832353937353538663335633436353336383236336436363035393338663265
63336532303533353831636632636533643765633239363966316633613131303932383665396232
66306636323164376265383262396537343738353433333035323431373230353732363531326637
62366635613135653734353730323765663361393462303262366565663862623739326538623538
37326666623034663163333030333638393565383230666330313634383736616237656164333638
39653938623335346534633561636639666431343936623630636363643833636331363330646539
61656165366431356531343634633530306331626236373664623762346464333736346337353237
62386530353332363465636637366563326332653532656464313837383433643636386438373165
32626130623866303335663333323932623432653836366236663133363033303639316561326332
63326430623434366638356331383534633066363662376532333735663361663164376564666531
34363162373837663761343832663964313930366232363664306662646634343237666466366464
62656134663637633035316132303839326563346462326231386232633534643039646164356438
32353139616438623039333136326331633130376135626237663366613137396364666635653863
64656264616163386531643130393466303234393336303862643763363133643864643466323966
36363038366264626138663835313266303866383064336636393361323638613032343565626362
37633961663339333332323062313539353561323735376365656236663739396335363534303163
38313430653930303365363266333266383965653832333061396564633938383332366137636636
37663239643833653661643265396631356136373262653265393564366163393664363537363862
65323834636533656464616434313166646664396132653635343738373865366664633837663964
32386666623635383732353133303364626134636661653635646634356634356432306632626637
35643862623637353934653239356331636533313062636166343335393261373936663834383934
35373132323362363131366166326638366662313535333339663836356536653737326530373336
32613161613733633237346663623430356465393061313637646563663464366366613639386138
34396461643164303535643838303264613662613332663431656137616338396138623830373963
35613534306234363635306361666666323137633761303065616264666435633337313436666562
34653366346563333666626538383432333134323862343937663261363964316665653761643365
64666430613666363434396233623137366631303732343034363238363465343863386230656161
64343836396363633463653833616566303465623734346635663664316335646231366331626237
34376432633031353236303033316563316563623664333262363436346131333763356432393033
37306434356661646132313361363039643166653833336465346664363864623564376166353830
39333664663530336264633934393562636261326437613135313130643832306466626334396463
61396661666136333865616164613834396131396134663939323238653738623235343266306533
62653037653030626565656462663561643465616463316262623737616461616165393330646466
65393765656436646565336432653263363632326534323638616336623031333633336232643339
34373030363331626565373936613937363937393336656335613530396362646432336135303463
30343736636461613336316330323838633034373931633639626363626130306263653331643565
32326534306166346361643435363932653231303465376663393330656365303730646534623538
39346232653131396662663766616631376434373937323233393539353330326133316434306661
61316537386539643261303331336462346438363733623733356436316363626461313565646139
39353766343561383930626462393663616264623763393463303330636332396239363761623333
39326639366361336231626465313034346134393663323462343839646664333362343338623535
33306563333835396133656538656235376436663231666162666464326163326232656331316338
65633135323937616562386166643837356632653934383565616430323439333563646562306165
31396264383661326166306137643832363464376532616334666164366635383961323531343439
61346232633537303733626239396334383264613030656336613164366531336466636237353034
32353530383539356334616666383635386161336563613165613639636665323136623765633236
34643632616261356331626337316664343737663163616135346635633834666138316566383236
30636464336232376363383466313666626265323631326563313165636330663632643932303461
38343534373930653866666332626461626432373962646664643461646135666264303035643231
63343639343662303631343666306362313166343864646466336434626639366562346131613366
61653833393638336563636164383532376131663662323463363966366664373064643231663135
63623237356635636639396137333639633132316662653063366136633338303465363538326365
66303436333163393163343332623365653566356237646261363031636362383466663733393632
35356234663636333231613163383964363936346432366263623035623462656238653533313139
37393436356437386431626563343737363538616430313064623163643265333966303164363333
61393539326239626264646634346633346531363733303061326139323137343638393731303334
35303834626366656163306636653363313434313334666232376565653939623135643432363763
34633564366533656439383839626433626465333132356330636431343231363562623631656465
37363630373134336433643064363639353063336534366239323039376638333762366162346439
36653636383364356539303039346436396166353534323130313632626462306365646233326537
30363136636439393239626230333463616634653266323162636435316334383137626466396538
62653963363962623863663330323466623430663639623333323539626666346337633431303236
63396339656235653531653364633933386661313062373034363531393236666236383834653665
32383834343465353035323264353136663835623933353661333232656561663832633734373638
30363838633831373162336136616561346432363565383231336430343937346166393466326262
32643562373837383639363434333136383965646437383130336335366237373237376535666537
66623435616536376466626439646265356631663630613336373739366163386235376162633035
39316431336230353439363061643765333737656135613030633765346261616664623037313030
64633036396638363966646265633535366266383239656631316133393863613663663636626539
30363332613233393632306234396130656530386163633131303735393938343961333162313237
37616462613365363662326638366165323831396162363664616539613332383234663330346535
38303632623361393866346431626335643230646337393331366332613830386463393164386635
37303965633131353631376263306235663363613838353463313238663035333836623830666336
63643861366430383864616233356630366332653365393866643662633164653630323238376164
35656433623933373336323334653063333835653431343435313264356235376333633134343934
35643166343637626635343938636533636465393864323637646133383535643433313433346565
38376132616335303266306261316439373364376434303639373162326362316232643866346334
33616361356139623037653134383933313430653761393166343132613639366565393965643865
33313639636663316365633139643634333331333335636434396662316433636232386630323835
64313639633933313738303732373664353435336163666430633333313634373465623333303639
34353766323463376538353235343534643332373561626165326334623665653236663738303865
39663434663735626138363938343339343431646235633561663532383965616466363431323261
30323063333262326230616338313235326564333539366565303164383935646231386166396663
31616639376466393438303633616638623839666262643738373761303538613163363234303562
31393662303062633637656533303531393863663763373735633734633536333763636465393039
39343336323366313638363338653736313964323039303662646435653636346662373237323830
61323939366561623239373862623735303135666339663031636263343162373564346433323530
64613538636436333737386465376437646230383930346530643339333136353336373635653664
62386330633161313266356131306162353466653334313366316435343235613132336462373966
63306161613662316435306531636232333339303563353065396133306438663166303264383036
34366134373731646665636337346364386337323865653164653730366631386636393333343036
39376333323263326234616161666233376635383062316532643530386232393630633462333062
37666465656235346164616664323434623261333636383639323065373534656165366663653639
37353862346639396262343831333933353765303533336639343637646334383163663238306639
64363438646561643733636333356437353736643132343336663939386330383762653565396438
31653835636336653061626239393662613664633231646631333734303962343761393232323231
30393061336334366134313232346536363734336435303834643237303735353132386332313732
38326265313836346138353231353639633030616539363336636230653039653934303564666135
65646130353231313762613530646533313534643530386331313437626461633234333733383661
35636564323964353633626666373035383635646134646533636130663334303431356461313434
31326465396335366366613662313533313938343132656330623233646165393761633166313262
32386132313735616332333366313162636334316365333138386437313339393731623539373139
39343039633332646430333865316530666563346465363235636265303637646338393431623362
32616663366365373434393965633161386237623332666466306566643438353030353964383736
61336465383265646362666235313039626131623430613731383261393466313464303231356466
37323032613934373530373933616235316437346131313362366462666435623835313637336536
37623634636466623639643736363732326536336361663330626331633931323361656464396564
33663465336538393532366133353464623938626434656236393439626639363166323864636235
62363865646138313134386237633161323133323862343530303836323935306237633661393464
30376261383230613931313237386135636230643531353033316666636331633738316433616232
36393161316239616639616139306536343230323961313136353064623339366532633831663064
66633137646266666438356464643738633266333533626539643631326362626562383336373232
33326566343537623465353735326464343036303237353461393566313934616262306432366136
39313366346633646134616336613666303735353935383930643863623162643566303338623462
33646439656532623466316634633034323339316566636366373730653061643635646434646235
39316162623065666239383834633630613239613766656236313266316337623032356536663337
33383332343333663431636134663266633263343530313364343732623031323038626238313763
32393366363433353536323961643962383738616431383864323939613338396663363739396435
38346334666565353364333361356564376361343431333336636335623739383634646565303138
63616433663533643936353766663431656332623033306166393635663536313365326135633764
64313636623163353366396361353836356134303431663638643831636537613832346336343731
35643034343431623166336265306161323537306266656563623631343739383332386364646266
66393538353263373238363966376537313165306434306632643562313538306631303866363536
34393463363731653330303438306461376433616335323162663734633238373032346133386630
62373263376438323164623530316439396139616661386435633965646337366138666264386337
37343935333336646263643431613033383432333739333361303535616533366263316235623461
63333263356132646134353130633763316261316130633137316663393565623736646439383764
35616431373661333638333263666266396561316134303633363264393237643662663930346539
33613363666465353230653830623564386662626636326633353332373331396363633134346465
32313137373932353666666431336430363962666263616363386536666234373763316664643765
30356332623230383235373063343839646638383063323035343230366536326566663966616464
30303933353462663761393266326361313362323063383662656361653263643562383464653631
34633766326434313531393830623766623339663730373865393432663363326439643361336336
36353536353761636635386462646438383330306134626234613635393838383038633033383834
63353963363436656139626638663230333536383332306637336164383933393066376534633666
62383633616130313130613537636639643537353862316562656439643534313064346566323165
31323563623364613632643333353461393837663137633237366239383166356330323836343235
39323364326133636338313138613437646138313437323535313634333738363163353563323763
37643066303530313639313236313833376634353462366563333465376665643664613265356436
37333635633461363839643763343363383365616134363934333934333730633765366165613063
35343038373762313366323339643565633062383633643863333634656462323339653362636232
37373564323765363564383530643764306266613865326234653836313334383464613066616632
37323936386464323039363763353739323830353537386361636565326565366236623766313037
36333737366566306430633962336264366333373064666633373338623463326438653439326234
65653664346433646137366632653836393931346566333564636531653538316432393864376636
32656637666663663464343039623635373734633735656134383331323665303637306166336535
32336534633835626437336230353332623862653165313765643135343861663935383739336566
62646230653661333037633533363565396437306564653532383034633035646538373631323233
65383731313661656164356535613164363963313966373264346430313064343237353262336238
64336566633938323539633263303535346330626339353634336161363066333538333631633630
66386534616666346439653462643337346232623366653336323865656137613636343532386261
63383038343661626165306131343539373562616539616666613730383138353564343361646232
34303034373662393966303364333631646336343262663430386564303339386436633233396264
64356562316263646632323231383132383032333232643264643166653437623234643039396162
34376466353162346363613339393038343565633863393534363132323138656238643132303231
34323737663233363834623535383135343932323733356438333162663236636636623362663932
32616561313630623865363931306161653036326566313739643631343938643966623336616163
32323763326136646235343064343336353465383132343564636538373435643335663061303538
31346531343761643532386262636236386562643134396535326663386237316430356466663633
31343834316230326231353563353633363932646232653135396434363038616232613863316361
33333265653164323562353032356431623038663632356435316339636162626533313333613734
61363161653636353664636635633963306637643365356632343334633732383636636132323765
34353035353961313065663237396162323066626631653832316535356333323139333263636137
35393837633631356231373462653836383036393063623838376165303763326163346230613137
66323761653065386335343765326633653333393863626366323133356231303866633335663635
63383935336564646239366232313431376365616135303463363230366566633630663238316639
64313637646336306434373562613835353137383335353265656133363261646164333264323266
37313661336232323134663236636232656238613466323362393033336561353635383037643664
63353037633365313561363633613530383633663634326639653262633136323466373034643031
36383134313161383331326534376461323032356561323838633533643031386266613862393264
64363664343434313131383764356635373765653735646237656361326133383637303461323865
64326439323939346538323331366338616630343631646461613331356461343138393266666661
63636262633665303266663935616535303138366165636361363461346164313032656134666565
64343663343335663664323363646264346336306330653632363061326133333733303163323536
37326430653035393163383466356462653339303237653166373830336130333861303231336237
39646561323065366639653332353638306465393764353265376161393932373563323862386635
63363063316334363262643061316136313834653930333531646431323461653030393334616336
61313535646364633839383138363139616537316330383137616338343337386136636135363934
36316466373534393831336662346661613334613433363661356630373734653337626236343666
33323735623732333434373566363766336564613539373838386134643761353564323861373262
34376239376233316334643939366563376237623535373631336535306433626361396264373036
64303332653039313864343637636637643439313736356639393963313738316235616337353265
64663064376438323330323365393864613635343530623665326435393866386437663138663439
66383464656266636161656538346333353931393336313666633732666136663561653230393932
30366237343132366133623233646663383664316535336363663666323964633066613036313535
30346464383063313366653435663764653933613566346263623237346562346533336135646130
62376332366434613964373232313961336230613538633065353032616362316563316433373065
31326639356265393337333530646561363864396530373938333266666461653566373730373231
38653939656433633433643834633965303536353239356162396437663437306637363037303930
38616466626532306337396632643561316132316332646537616332656465376639373535326262
34663666383634646530636165323430373234643363373865633930663631393062333263326438
36393964336137663065623738656361643736636264623637343363303434316135366332383362
38393239373031386631363932393364666131636565353166383362333335333265333564323562
61313936636437363564623339313935393633336365323130613436386337316535323437353165
32363964333763316430663734316436383661333335646663376561386161383435623961393864
37396334323537653466663439343266613239623764383837396631323231373632656533303531
33306437383236333334356164383262633962396131383534326565363139646136363730353734
38336362376138363130373966386135303766343164623862303436306432643832616362376538
61366139386565333939303766613537343034646631376635626132623037303566313632633039
38396537636362626338333264666136316633396661636263646162383465323764363834393436
35316435653866613737343363303939613438313963646331343761616565633866393464363064
38653732376437313633623132616236303237383430626339303266616639626334633437363630
65363661616336303261663434393132663635333339326334386636316564353734366231646437
37346462653632353066386134363436363830626230326431366633353965313838336133393133
30363866393564383337616530626539303634656438353739363862383039666333626230313336
64396165323738313733616465663265323739633061656338373536366335326533373534623234
38326663373431336339613263363839636534363334323861663962383361356634363137633738
62666530366535366431613362326236613133636330303139376438666262653236336665333438
64383139626364323431313233346638303531613230323036666662363862613364326562343933
62626233316334333937656161353730383232636634616437326235633338643837653464356235
32393562316438663537363261346264633233313162333139383331313431663437653061643231
61333865363234326631623332313534376166343964623436313466376437373061633638313561
66333830333166303435633136626561396563636164653836666138376663386334366661623266
34666464663065363137613365386266363061343038663138663033643237343565636638313530
35663231376430376662303632643830653961643963376237363331303666623935373538303731
64613131636339363933636238346161653930303431373738343630323562313837376365303835
30393164336330643530643136396564313266346233613833623732646166636461633464363264
30373631333734666537656631623462323963623264333633383031376665663765613661373337
30396561313732633430646437653533303630313463393739626364653938653634353261616231
64313762633337303538376263623666313064666435663462396361396561616663396561623639
65393664343065366664353831366266636436343634636437363730653635653166356135613238
65316634336632636332646134656231653034376161653136356332363933633765346666613834
30363730383634383763623764386235616464363836376235653039656561613864373434343635
39643966343664363530323366373836383663656639303735623164663236626637313964393431
61353237663538383736363866323033363563313630313630343433363565646366623633303963
61383365373037316130373831366334623638366565333964303339633131663235323033633434
65633035353163333536633264623864333639633638306537393039343439343133636162363663
34623363643561623665633661633538366138376464306132643631643365383838373562333834
32613839666133366335373939393261613364363162393761323937666638373266336531666234
37363661363430373364383964383136663734326166616562636564643531656136373465633931
62376534646431626337383764326439616235666663303930313132323566393239373433346566
30386236656533663561333437353263376630366534613233613363313265313335366635656365
31663964643966323738343934333232363730633063396335613534343539343636366365356630
31393363626163343338323966616666313364393138396637326138383433313332313631623130
61616437313531303938366563336239313037653364623232336137376138303164616437663434
64323036396234653530363732366662643034633466646237306137643234356237386437343366
31386266663430663834356438653638616131313439343038363339303836313634623638373665
33373861366337353965376130616436633866613962363661636131636662333439646131316131
66366139306134306635306633663130633031316431356163396562323265336538666330616561
36613030633762306261656566346438333461623833353966343531656436613166303337333131
30343331323164353562373139653063373062353961326236623066393566663239646330636632
32633063333866313731393032356664383130376633663065353961393432366332373638353335
64353562363139353634623562646166326535383835616633653236356234346637346363396262
31643834336364336433333837313138356231626633393631646262353934666363623262346137
30336431353733323837383464663562393861393533613135343765386339376366323263616266
34386632333463393337326138663039663730323931626162313436396230333562633138636165
65373938626366356435636132643736653865396130633939636561623335633736366534353333
65616634343530313562326636656439613838656232633132303532646233316131353666333362
38366263633432323935356532633438363035636663303766346233643062313138343631343733
30303961646465313761303364333931633736666364373165393663336235336232313438303939
38663262643264376538613964616438636363376663643337643034336233383962663765646532
32633564306230396130346235636533353966386563373063336165663764326364656434346531
37396165313732653062653438393430613066616538323466613636366137343435313965373632
39313563346132653265363631346134383561626236336537356364363739326537653266656131
32373637353337376465383233356238646238366536333630326231336331333235366563633835
61613863353361636438316331306534653430396463353639656235353530623464366636353532
34616331653266666262323965346437363764633338623431313231646463376565313434396265
39623839653164396336326631633862376662333435306466356136666531306537363935376330
36346361373337663933656462393139353636643163613535663565363637623636343465393637
63346635373733636562666561356466303966613163383435616130303239636337343162333834
36373135666364663338373636393866616636333464366265303065366361353637343664643732
31323064366239396266663935663835643364613134363332653534383639373532643561653335
38613230636564323233303830623662323231313638633563653132346434343663613062393230
37643661653636663237616537306337653935376536326334633733356164393831656661326238
62636535633435323530396338323131316362363664613537613830383632306435353936623464
61366633313338646139376532363362616430386235633634356131633037633031303363333166
35326530346461383639323131363363313333353233656566663238616332643464303262653832
38643563383437326564343137386630623665356137313438646438623264346466373238313736
38633236353165666639363930326539633362303930623761393261336339336561393265623666
36356638323662323836316336376163663565376462316232396535313963383932363735306632
63363064363565643737613436353933653834616330303261363632363135336630666533643635
33653636656239623361653532306364646533643033343736316365636335623538366162316439
39313466636562633438653664643339313062323065366337313637623536326538343138656238
38616162663166343564373035633037356662353933663932306562636430633134336435616362
32306565396636306666613434326666393166626435366134643834363665313032396230646539
61383232643366626339633361636364396335326431313966626638303862363238353564336133
64376266346265323231623262353734613134616238383463643762346632393530653934346537
37363438623636636633623835363333366662663039376133366464333262303532323031333365
61646365663431353039393666656431636534346132643764376530333963383435633837313530
66313135383363366561353066313132336433356634323263643364653235333532653733626134
36316165616563323137633639656132366638346534636265343563333562653038383462343266
38623164366635323466333738376230373331653465383232623264663462356663376336626331
38613137656564363530333436623065653063626266356437313561353038346565306465666165
38613932353838303064366131643536653761656137303861663935373465623662373963663135
31633461303834623137643734333464326266643430306138666562356232383934366136303030
63656363666638623335613864616532373235376264356432343439383038613632306239313135
61643031636539373966373836363033643134656136626666663666306235303732636565346532
65346536333538326432633437363265333831653035343334303263333766393132333630373163
65303530666438616466396166393332626362326139656638303763666539616164323936666564
39373566373533376338663939393538383362616537663436336665356632363539393963323731
63353537366432373262666234316532373433303236386435346639396338386135643038343630
38626535613566613833643565633531366535393139653266343033633432396263616433363466
65393934323132396566663132396337666438613239306262373563306230343631633332623232
33313133333933383065313235663161626633343730313561653961616231353266666631633039
30643661656562626330353436653732633932623433646466666461643539336262626266393162
32636161346634613737313330356661316238306232323063616231393339383439346431616433
37396164353734613261346536643832653130333830356136623466363166653136616231323939
38376134306230633638616438326530396166373265636464346366326531666562643334653331
34326230323439383437396231396230313538383161393264393066373365633831346132323164
65343036623531306439323236626431396136396532633034616265363835626266353063646636
34306439633939336132396261643032333334656634653637316133653132666230363264613034
65323431333632336131386433633262636639323839313237363437313137383363393533373166
64613433376137313631373662343131636563346436613762613830393438383062613063303062
66323265316138663634656666613730633539313763373537353164353533356261616165646465
33323730303730396536643934653264316263633333313163633839643564343265383937376461
35643632336163396232633264346162626435626263663766316663313762336433653436626630
35613563623538646330306237363031323631646662316435303338353861376665653237323336
63373239336530356661666233393139623631616566663233656564376662383864623764326533
33316264306535343464646430613961643837623961326639623233376233366261646331663632
38336237336664353632323133373039346536656365653535373432343365343866386431353064
32656134383665653138306165346365616230353336373936643361646463663730653334636531
65346466656239343837356136356239666438613937366335616366623231373663333162306561
39333261373936626266643432356632373739636264336563303638346262386335363230646161
30373965343637656537383161343637626335383937313839323165343136393963313261666261
34383563613165393435323837656365353563666334326634633061623137633739626430306666
61383130383532653331346362303736316533393036366263396530353362373165663735666538
63383237356166636264393434396265326536643237343936336137313135373738343966386561
31366664323438613161326438313761306338303261666362383466363338616537313531356537
32633739343033373639363761646532666532333830323866353435356139653239326234316366
33356136313363363239346431356361636334383938633136323437343839636233643737643333
61333839366433613833343939633262666336623461613733616265663465373435636161306135
61373065353639323265313666626239613236663732666332666162326432613063656338633536
62616534386531346163316561323938313562366535306364396266393036366366336666623931
36353036616263323765336432356663373635363832333131333066613136303661376563643030
63623039616639323932366232353333653330363935396531313233313132636432383837646130
66363637646335666538306664333637323964326434353361636537393137363436643836323032
31656466313733363036633538613636333433353334356565636663323065393431323230333530
61343866626139623364616639616338343336383432363837343433653861393563386632353832
33336466616639336234623865393738656430636261383963323639613165333837616664616532
36343035323334323336633363353036646630393431343233623634356438376564663133326632
30363433636262366161346261393366323232653635633439373863306336313862323031373835
66386564356130363033373637643766356335373730383163616430636666613832313538376630
39346661306662656434363138346532333461626137316231643832643935636466313739626337
65333838626264626662303336326133343538623136323565653265623364386632383638333931
38353032643566353132333738363738333762333836363339663432626666633738623063613430
66643737363137636362346139396333626566613565393535643234393831366531336233666130
35633932363636623731326339623632616530613532316539393431383766663863343032633763
35343435646234393063363330656366656130333039626234336363356564353563386433313730
30343864616466636361386663396130616334386664376432326265623939356238643665313035
66333862653139623731643864623637393133386134383938356536313634373832386664306534
66663465663436373334376433616231636161363538313935363737313937616335613763616662
65316362376532313964653163333966393430616436383036393661313262663736616637346430
37346334373735643165343337323065626233396533333262386239376230346132663738646631
35323963636266633436356135633831393435393531333333363436376633393838333565323632
62313565326263316631393438333835326163373037643139613236613664376566656663373062
33303531396534303330383163636536623963383938613539376362393438626537316634303332
65323739653137323135326331666334353361366234373139303163316561396438396334306161
38313464336532613864383038613835383133326431643062626463353132393663393730363934
32353639636234306239623566353562643031616161346132323436326639633632356165336533
65643034333666366464623234666466653662303038373362623135366131323966343061636530
32316262313332323239316438383864633133633431363936316430366635356365646366353831
30303630636638303539626336623564376563376532613063376637303431303030336530643131
30366562313466623135636533393664613939343039633639626630643035373864633339623834
62356330373165356631333735383537326237373863393633363132383762653139303661333733
63373137393765363838656435333731356131313330633134363231353430313165333431333563
38343533623365393264643861383630613064383535363934343632663265326338656166373135
38323332626434643531353365636535346162643233623933353636383331343132303366313265
35393361323234386539306330326135396135366366636566386362643965396635663037303536
64356638373830333365623237666132353433636236643665646238616166393965373533386335
31666130346431326564636133613565396466346335396236306634663766363330303933346638
34653839353930353361623664623339323633626333666337383735623164316338373132626431
34336130386564623638656566643537623730366263613834616130303964386461653435623463
36346464333262326533633939323639393830636261323735336230316638636464623835623664
61646339626637366131303532383231643266393333653866663037643334343335356130643731
39356532333861323239396133343036373330633264663638363736373934616364616338353538
35616638316265646232613438623037626337366334666131656131333536383634373863623537
38303166313636353638313335376338646536366238613238386233396435623737343530313034
64656136646338373065333135633961356135316533353164323961373935616362363161353439
62663537396164306562656238313738383463363964396636313466363836356631653933353834
34323538393638386632343064306232613930363463306539356631316139663337343938313363
61353539356462663137666165306462623861613637613237346231653930636666383530353466
61643566643032326634343762366561383166396266303763306663633037313563313431323638
31336537316535333864323938653835333738653235656538336436613465653231613131666230
64626631363333326465353434633664643731373663336663643763366536626430313833353762
30323161393261636365316463373262336664343861363264383337353338323230636338346664
61336265346234363630663738613165636261663563623265323738633264376162646137363630
30643262366531363161326435393564613362643562306266343963643466353935636666383232
31353361383364363434366137656461336631333038346231333432353266653261363432383635
39306335306566393930353165383139363538353132633030656666356662303962616666336338
38613438633939663564396266633565316131623463306264346630353030653664613565383563
37323432343362656538323261363534373862663862376331323731376337613465383763616562
30393930306230636437393733363636373535646338663963653930376566663162353433326264
62323963613831386631643636346135646534396334323963663766326436336664333639353830
62646637623363393431356131303863303262303166653337323836356238663039383834623237
62393135656136343563613665353938386565343966353630333138363036323932633434613463
61613261613631323132363237386139633764383238653464346238613537386366333936666532
34616639333434363161363662656239396433666665616462643565356162613962333434666638
31323630623862653662333466613063653636323765643536616364636330623635396238643134
63643064613463373662313764623132336137643837386134386432626465613961626232376631
33353038643963353365636336303134323334613630653534333364333030336431613435383938
65626337643434383135623634333639323034656265623566613337616238373362613963656433
34323136353837633637383762373932323332326165393663306330653135363566623437396531
39663934383435626334646133393234643561653730363238336337383837663164336264326330
63366538353834646561376437366437326661386131363562386237393165346464616366613663
34623233646138376664386532336662663037626335363435313733633232303130643332343634
34393834613730653030646439303664383437396638303461393833633834643939633539383066
32653034663030343830623261343964626662336166346136386331626436363762383835336331
36646637326331363039363962353139313565643231393236346337326662643265316338366339
64333637383832376237613062663739313761303964613261386230633038633738336132396164
33663331643135366137653661366333396232376630373030326466626461346361643030373431
35363964666337306231363236323736323232303531313736643234313737386166313730633664
38633565306634353130366136303339386336623230613337653366303238353734663938396137
61666233613331326139626532396630376631393531643536373536383538373236666464623230
39633037643966613038613466373439396136383161613039333630646661666166353332326530
65616630643361666336353566346138393239343466303063613966313062376439353566643331
61303739323832323139376533313765343564333066303733393931363062666239383032393835
33373763373034643231393833613561616463376239633062613233306235376231373831613530
35333131343336663939643432663938383536336261336161346637316339323265346163366131
34316461303861303762396263663932616337363636323862656434383636346637303435346135
64323662323432393262646131396562376234373961373237336463643161633930373538373862
38303733363332313632393237653532333737366430613736386438666439393966626133373932
66653932393037306638313866653162323863646331356337383565643934633666383139366239
33336236633031633364366232643836656434313035393366383130373761623731326636643836
36386331316331623462656264643635663134373533656165646233663161336564373737356161
63343631313536616139323534643234633833306639643462303936393538666464313437353835
37313730333436613939366462303237353762656162313965396236343662636530646335383932
66313332316162343938306630636365616637623266306234643661356237633738366563326631
63643962353537666132613763313335303136663263653432353338303738326330646338623135
33343765326566613966326566666532643263643030313531666161643761306537366165373466
35393436666464313965663932303738326332633538363737303937633532663034333833373936
37613562396234303737343461626661323733663364656433366563326661306539613166323031
30653934656263616434666533616136613731366535383665383237613434666438613464613238
62343633396439643530643436333434616338626336393333303962663166613338323661623539
62306439313636336235326238363439306533383434623034643736346464373764313163366562
36656264353864363838616435616430303564353661333565393530383037653936626564343934
39653236323462373633363533633064383561343137616437393730623031373234653166383436
66333739613265316363346131306330646165626439326637353832316532333236306137626164
36383863376339303365626333396464626666343138343135323633646162373331626432363065
65666361393235623464333137376332386230386336393861653532613163373338356231393461
30333134653239613231623135323638323762613038363134623339313439386635663439326362
31383731346330353638376466636432336262643131336166386133356465356535306133326539
33363661353231353230386132663764333534393864306563353032643035346439366431313735
32346431356163613636326464383036396662333166636334633036316439393266613062353562
31326332653365313739303233623263396463376465626637316235633831376461613537663736
64643533656463313565313361343664666466393262336630383930333538323461373237623264
30316534616562356666373337363630623431623733613831376462313363396238613065383838
32306163623565303765653636343431313563356564353539646537653765323231653166653362
65393064303332396332646166383934653234663534336539356263646131643738303633393064
62306161316561383636643464383237636336636264663334303165353033643637636166393936
34343531653134663135623861313262653234663634646539376138613131616137363433363030
64653837653332353165333838623933366661633534326437633337336139373533326636663030
63336333386636633639653637383262643763323262653265653235636664376462323263376565
39366364326361336639633630323064643537396634383264646439343836323164623333363738
36343137626332646630396238336565353036643665353764613633633736663639396238396666
34393332353030303463333633323362303163393639323965356637366265323332343834376336
31346234353161643834656533626136333439306462623035343134396562313734316366323838
62653665333732666234663965393062303335643664386232373134396233643935386233623565
62613539663966343666643733393732633039346433363332666138656366663837366164393838
65303737333839363337393961656630306566323438636564323735363632303032363535646331
32613939303261666332656633336565633232623334326639376465643636396539643337313938
38306465343938656166396666643430623836623264363264663863366161306335393436356639
34343139336561653964363439313232396263313734633230666337643064323037383763383739
33383965313633326337346166326165663266386563366262666563306132323933623431313062
35383733643965333136653538646435633030323033393736376334623031373866306665303132
37393338323337623135306339663436313562643837333632363434663133343531623030396462
34613433396439633133646332316330363661633431336263613464376236643834366634343537
33393434663231666466323336373562656137376365386436616230653264613834313664623466
65636565613532333639616335656434646462613436633330393864663266376437643631303130
30343261353531343662616163383030346335396633643539356165343933633539343536383833
63623565666333613239323334313039656130613561343334386462613638303532303866386661
38326532636336623065646366613331623437356139663238386139626338656637656635313937
63343233346134373735643930396333336663616563653534313031303161363164616130386166
63636330386366373436336664303563383563346661646162373666653537303634646139666561
39636135363962376165653139323235396533636532313838323964643165373334653730343761
35646136656433393663623661323830336334306661326436316336653631613265653539636162
61373632366466363461303034663033636432346234333833343162646465333636636131306361
32346237383734636465373439356233636633303865613963633530623166316531383237343037
37383731303362343231643238333435653866313437313466373561313265363430646630303431
37623334376265343338613262616633393065373164643831356338373663326438333463373465
34633464343136316438633264633439626433363833643466636636396234636539633162633362
34653433306439623363343763313063343439393162343465393361656639363634333761653363
34623131663630616538383665303430623533393663646331646436363862356635373939613537
63663764303565656237646438346364363061383365383838306263313031373334623461326130
39316261346637303965663136383064323539346339376430313931333430663738326638623161
61366537313439613331333739376633613734366339333331353765396138326665376165343036
37343861393665366464643135623564333738303937346430316635623932313061653364623038
34613865376664333530383266376362346362653534343262386435393539396632633265393932
35613962616664333261343133363030663431336337356531316562623633386235373166623030
38376134663633383566373066303937633563343164303165643132316366386361613538393230
31343363316464653761653663383035396335626131316562393764316662636561376431316535
61343361316335663463643939393063376532376631663036336165306539663234383032393863
36373165386163393330653338343632323663343136396434383163323733363631613763306637
63353534396637636337366436656139356333356662643332616439626533333934363235313265
39666434393632383634363464643839306239313761633434623439613566643364636262333139
65363764623766653666396463323864373536373366663863643465623931396563646332353966
36626263643031613765633339376436393961646266633563313032316464323736303034616239
61373634316337656538386139316437323336646366306632353631356135383233613066613763
62656236386331616562336138616230336131353233643264616562336334626637316164613333
33313135393431306264666638336337396332643432306633346565353461643062643338643339
65343566613033373034303264393061303332353765613662386363363435353262316336616561
64316265333632616632383033363361313133326461363731333538666265323437646464663533
30653037373236333136663434643361333937633138626561643333656564626530656666656237
33303034623235376235313533383236373934386434336161613330306633656131663336353238
30303235396663666264653135303837323036646433653262376439393238333663616162656132
65613237303033623037326566656233656330363865396439646663346132616466366662333666
62623333636565383931656437653564323539313066636237306461393333323736666132626462
34363338303363316362656233626163336435623639653836623435613066386136353335393635
38663565623537663635616463386463653032343064313565326637336433313566346562393033
39643736373031303931306363346130663064333439653035333337313162376162313032653034
62376163316365386336313265373138316635326662636430366339303566366436323736353334
61663033613064316237346639383364393863383465356537643066643637646131633962383534
61386361326439616538353830353237313665313239373466343936633264343939353464313062
61393565386632313862333938323738306265613538366331326665343736386166366264333866
66336562623430323039326639376433336432316361383237316538663932353231633434343833
30333239653331376437613463316664666332643538633561663631373131303366326637336562
36336230376266643565623164643265346665353633656131353831393539346638643530663435
34663335333565626137633266333139663435376563333764633634623534386136353933636161
62366533356562636534646630316436333565366166353731373038616336363833623033306130
39323861383966343963333239633533653430623531306161623237653436303230613561646237
61306238363131363265613361626330623835323765656565336433326130323863626465663836
62376532363261666633316666303731336438306432626566376663313861386362323361396166
32386662653762366266336364633662333930663737613932353331613262376634316263343334
31393732313634303834383331643139383036663835326661373831373838316436316563666437
31633330623031653266303236666663613135343963353662646662376533326230366530326236
31323533666164626438636232616630396538616531306261663966373735396333353563646463
66303731633032306430323636313331383133393164646534626365346231373034383233626437
63343131663761356533356165656338616463303037333162653434323231623264353265326430
31623131616532326131356231313439346537666434656133366537306536396233303234306365
63313161376433303733376436656638666666653231616235303164656239366337353964613863
66386331306330323364376665633633396133316633373239656563326231623164656166326165
66653132663064373334306632303462323436363735373439666363393831636461613535616330
65353634646664356666623336363065636461616166663738343134356364306466386435636133
32356337653565333632396334383365393136373933373361323466336661623934363439336266
32353666303436373337326562653831343939633535306265303365343135373136333466343465
31396231626266396463636631366333636261386361366464383731346638666464353162393633
32336433396265313330333063353565366338383061393561646433623862626161316561633438
38653762616362666637396631393437626566373435613133666336373533333931396237393461
66363066623134636237396230303762316230353231366532363536646534636139393237633765
65613964343434346264313665316631396264396466393136643331633130623136373434356234
37336533306638646239323464646439616230383539376433393861343938613766666239626632
30643838336331616332336234306337613561626634363762613463343738666238386664326532
35326238646231303130353039343930363462323261373939333932313232373361633032623232
31386235383866353433306530633266373634356136643165303364393063363534643566613066
37376166313231616530336534343231386533316231623238376163633132663831653837366138
63353934373335383666653135313734636664316664316164323832356334383435356237396366
61653265306162646336626462666237383262366566623330373631313765386332613666396563
61636639656237343139386564323934373638333132643361396130666266306666336566346133
64653666633833626165316538623364373633663135626362653930613562303864363334366431
35396137383765346335643934336638306339383766366234323238366332376261666362613937
30363536303861656665316564373634636133363935316432313439636434343532633665653038
30363931653035343835303235356362373062646263343836346435663463343763626137323339
65643665383665303963326163303736656233646333306164346561616662386666346363386465
61333066626335393532636436393366613362386437336464326636363932386531333931613738
65303363636235303733393139666564633462323262653163316136353539613365396632313765
32363032386334386630303164343666386137623332373432313562333962653435653061623336
37386332363639396562373930303033663739626265333130303534663462386666663330663534
33653436613831663864613538613031653831393662646138366563353163306666373730666136
39343064386236333032383132663135333865373234613239323635376231393636383137666662
66303038303938323933373835653437636536306535373333363665646339616262303262333137
37336633623165666632623661393164633961613432363331636166333432653463623065616632
38346534633736316266306162356332633766306464356636316431383831336238636238626436
35623535303463656432663361363239356433366164623762663662346534383730373935326261
33626236636362353039646136306262646531643830663333613238663335363265363163333866
63623531356137366135643238383461366431383663326330353334333061623934376134383136
65306336623934343235386366346334373839343839646534666130666166663531343731363162
32663531636436356363633065656664633265346431313638366637663335646232393032346330
62373565613136366265663835346235623431313364616561613465626463373633663131646533
39363765623531356131646533656134363239613535333362653732313339633634616533303534
39366639323736383439323762613463306162373561386564396537326135376364653437373166
39383661616635346461386333376562656431653565353339306630646135656462313536386461
37353230623965653338623531616665633834373237356634343330316338653139346563366539
32313861386266353439663362623434643732346366303864626431653330666535333937386132
61353533623830396462623763646139636466663764306161373761336462396331616161373962
35666332373038313166653033326336396366333463623230396465393636366666373361336133
38613136373035623764663831303138363338383262333638633732653337303962373932383933
39376132376266343338653430626665643434336561336630613533366338353032643331333534
65646466303231643666663164303636646333656434613032366538303366333939633938386632
30316561386365336364303362363332356339306531323635623462373830323638636565653264
36333162313231303864616433336561616230356532396163656631303966633732343064646163
35303737666237383565613135663333633436663063616232663062656635396138613666633937
30386665663831623239643830646137316161623061633232636436613236343366663466666564
66613361333131633334656163323165306264623461633734373530306334343630303064623461
32363739343930316339376231373361383934653639353864326332623432306136616163333730
39383931663830653435623362396630393431353933316635646463663633663330613339373738
65633437383663333633383632356262393134316134306538636336356564316361336363366636
63316430356133333439623930396666666533626662396338373134396166323664303537663663
34613631646237323262653162613063633437393135636663363363653664316339383831323437
63646465326339643866366465656566663035633135633839643662393432663737643634343663
64663135386562613133386262333636356635373834626163613934663735303030306362633439
36353530656562653230323232333432653637323263666165336130336239353535326536356139
30363239363663316439346364653163396364643736613961636263393930396461366630353861
32393933386533323063316434616363346338373836363263643533343630306630393031336164
63663631373030656662636233356437336132343564373166623039663661396461346336323031
64333064336332386465323161363530643566383335643365396235363936633934386265643062
32316666383435393065393834663633646439666363386537303863303938316433656264323830
36353938633939623534313636393734666532323539333538323937666135656338613837393861
62623565663266373665366133626234623933643739316566313163306635343932393035366639
66396665643038393734376266336361626363336530613235666362326365396466343835373332
37353632383639363431646535646433303963373565323235343632636135626666636134373430
62393435393666363235613439623539336136626265626265366564353833393933363630396633
32613964613734343362356163663261316564316262326365373234323638666538343661323438
39316135363739366632613663353137356434646563656263306161333162653435633030323733
33343862636532376432646264656537363738323537613663376639653762653839616638386663
62623034383364663564653735383439623462396638646435313163303762386135616137366437
31336266653539333036663830653164336137333466313539346334383565633635636563656431
63626662656666653435633630326134396636613261613265663837363261386262626335633564
66393735316635383835383739653533363038623239346434306233396166363934353238373433
32343732373038383331396530623736653334346464356132646433633536303939383366353732
63663061646661396632636461623630316466616233313965633630383438373537343232663034
64353332323234636538333431623336626664303832303233613732303636383534616131343566
30653134373131316134643931316433663062323565633036306532653165373963643835393036
63313137616433373038383732323466613062333032376637316236303061636530643230666561
32343238343030376265396435623434366439333732376536373063353132323531373134303461
32303633306139613639303532336534653435346635613438383565656165383166623038643161
64306639633637363738306662346639346534303464386566303166633832636435396261663636
35636330363239356435333861393331666537333837316132633035613766623339363734626336
37323136343062303934653463666562646634346364323964663763613033303562313566303235
38346666643365323065313033623832356338376631383730383239623039653836646337666537
63346432333430643138363161323765393031333862313338633738346633353530343364313537
34623662306633343839353666336666646535663266323035376263343966653437643436383765
63303232383163383866393139353531616439383635373434333332663332353834666264313437
32376535623962393431333032623535653136343434306466616332373633336130353262346237
36623865336466383663303839383762613662613039616661306532353463653762656234623839
61313832653530353331303733333135393537633235373062653863313266653036376366323563
63363166356566346464653530346533303762326366303134636466396433613632653235656131
39636663633662396465383933326662636164333363633633386632663364346336313834656264
37623630376161386631656166343038613337633936646630383738376561643261313334613037
36303062353630376232356262366133363062663462643566303036306138663531613465666338
38393735666164336563333161313037393264313135323835346434666537316263366536613735
36353066373739363633303731393134376338616436386539363065343961383337666366306236
61313330666163306433303766303038376165326666323330656332383137313035633362613538
36313261313965376130653834653764363662373133313736393036623837326265666537633261
37653033343062396164326433636164663935363434646437363838393661366564636337613961
35383434353131646337356462646336396433616163363936336232616263333461323465323635
62316233623936313730323035623466333332333537323531363539316265643235383230306633
38303766363039616631343332653165396365633430663831306234353761646663316366633338
36326663393437383331353565633862663339333735663730353931393266356161343432373236
38383830663261323465323930316238303164386161623162666532313964326633646538616434
61353839363335353337396532633937636639626362353839393766313233326238656235643038
36383265353737663132393233616132313836623765393339643539336437313861643562623365
38383433356534306665656537363836323436386465656533646335633032363237636336643931
36663238396134333462303566636566353662343061646463383566636436646639653130613934
34316164613165626135653465656230363562303539663836373938663138656265636162616631
63623465653630653136336166663265396437623235366564663636303562626333333439373133
64313431653137616638623763316439383565643731626232303666353434356333383466323037
36373131306462653261633638313539323666623634396532373039663834343234356130313832
31623733653437316261383165393663383461646533303162383831316662363832333830333835
33356662366561386134663263633335646338396463643739353433626331656430333232636239
63383332373664343830376434316631376365623532373535356137373134373030623436623336
30363666613336636433636230366635343035653335643466323133386238613933346466386264
38363933373536383263366563313563653666326234396138316238343764326462616434616163
32616237646432663939383538613263636636666331653362333333343166326661303437613631
63373335303438326136636433626538633931303331366364336564373965636165326664626135
61336332656666666263643964353831636434386630666163326532646466303039326239313364
32646433343562643032326461663365323731343263326162353861616436366137633931313836
37666166333465643738393039376564663339656636656266393866363835396665373439633031
39626362333262623139313236643435333835393931326536333733393634326163306563386133
31356239616266393166363838323134343836346665626438356631626466363763633964346561
62616265623931356632326133326461396439633539366164336133616461383531373662656233
65386561343434356266373035316237323939396134653935613038363863393561656264646338
65653463386230643962616264343365306163646666363062333839666538623137303765396162
39353638653330666237376662363964376335663432663062323037326539653639353537653035
61326164376435336234313766393165663634396431373339373430333837663330383064383164
37613937326335336362393235303231633439303466653635306363643663626232613761396533
35633865336136366339303464396230346165666434396233643261363736663339353366313439
32386164613965323561336534383637323032353336636430653262623361386335623161356363
30373739373733373939303461316562393236636337366165613065616463366337346531643531
34643361313662613732333733613838323263333730323430633834366336663332376366333738
34343039626434366232373935363639393137356238653837366662386164373466643533316237
34343439346263363161333834396436343137373330636238643865343533356461326463616633
37353766393034343566306434643435613439336539666337333166303666313433333833663233
36653231393132636437623935613238376264633836386637356334623162666365316433636234
61636231616463343463356163633461323030393937386430306562646264353839336636666332
34633832386661636535373362363537343138343165626131656265383134666132343939363563
33663139313334326665333762636164346134663666633034383339306431373362633130353431
30356565363237353630616162656633646133313737663765316139616131363336303230336539
39636431303132393738666138376163323731316635396231613335383934303035306334356261
63616134373935613337363062323231353364646130326439663034663633356466373265386264
39663737643332366430626161353533366238663738323465643531363739616662326366303832
34333739396134323161613330346531313535643838343735306532313666393939363137386632
35616566346136346537383834393836313264333763663237366135633463636337653139366234
64656563646432653966396633313665663433616132666436653566316230316565666437316539
39356264373934346439653436663765366365353031623534353437373938616262653061326232
32626332306530373938643931656233613034326163343063303839346539613931653234646139
36366463623066653036353062653730626630616132353766373830363233376331343162366161
30333139356165343238363764393464346239656635636335343136396363623535653632353034
66323864323833646230376237376265646565333838343230393236623134386433373365323430
33643265326465666636613139373734616135636330366465653631383961393239346232633639
35386135616165326265656435643139383930666462353735663932393662383865643337343164
31366436306139643731336332303062343861623332353137663265633630363730316566306538
63643461316638653930643165343437646232383736326436346339646230353762313637643335
35306230396166303337633462353763333265626665306166323261376534343831633930623463
31393366373563326437613037623836353132326161643232373064653961343761613631386631
64336638393433626665656362363463313438336366653764356435356238343832373663323864
66326330323131343332643232303062643738353637666263366165383034346432646663616264
36343565646238336366303237653134346463396263383964316639613666666230353133363264
39326636336632613132376534333738663030613735616432366266616638396366383764313165
34656436633238366237386164623434393032666434336535326537383562336531356233613037
35346531336237633632393562653166393436376139333135383135303433613533306431653664
38396465663132356662633665383636303036326462623361343631313963643731343065393439
62613461626165643535333932323738326139376234333337376164666664343264363639666135
62306363643239656330336362636637616133326162656266393130363539366339623665323265
61356231313166346131356466366133303062623038636438316662386537346531323161356139
30336464303265653534353036323264623265393265333663326531353239613837333361363364
61313037323034656536363663343864643234363761356431646131376338343264323430613066
32306538313566326663616233376639616437316239373039633939646332363231633334333664
62373730646131386137623033623131373437336535383366653335396564646230333234643761
61363335623834376331626432616233386239316336656631323738626664306132383735356334
33383363333031303262316334383136636337323930616566343063383665393564613637623966
37363164323362653562346264663264306639333931353635386165303631366131396434333530
34646530646661623661646136353334346330336564316535343766626263623764636232666362
32393032313365346137306636363366393830386362643036393562306634316436666639613135
33663262363830363836323030346537623337316531663139396363636261316433656265393331
38663762303735353865356630343736376431613763636162346238636562646631383265663537
37346633383430323765396238363564346239383666633830663064666434396339353165626261
32326535646263633762373134626631346363663738333266313463376462303532656336313237
33633439363237386163313432313866383264323566643165323038653562343364356437376131
66363066626265663034623630663063323665343366366561333838353633636263393834396234
33346362373962656536663230333832656630623863366361623531323831353037646539343730
62663737386338323665316262626135623731326262386330663161613538373336353836656632
33326261633634333661396139663565386139656632313964653862383139313737313437396665
61633133376163353035383638313136303438303735326165376131303462383565643739363433
33633732623139353336396162303538623762653134383830386231346535386565636463323962
34613833643339393036623634316161653836633137373566373033326165633637623633386165
66326438316437653763356361396435313964613832636235633862326561386439303132353238
66633737613334356264326639623330323534346631336433643033643165376332633039663133
66353339363831306662323435363436396666353232663164333363656464616134303936336138
62393665383962333235346536373666653066313361666135326166333264613761636430303334
65393461306461333739326638643531616361373933326332613434383730653663653465623438
30383332373634613364336437656265363864336162636339353064623738373862333938363066
63636337636664663766656233623038333762383438303636383036343865366461613836393034
61386233646436393432323338656466326564326535353230356339633534626438323164653634
62326363323466333936333832653230303735653461363062613939623865366431636631613734
63333130396234353164306433313432363964313435616434363432313238323162623662623964
65613534336238346661333137303832646635366231386130343061396435366138643031376435
63626330653561623337386538656536303866333563653431353936353162343935363962356465
36636264633065386261353562373334653839313933323464646237663361333162623333616263
38666437666566623339303165366137343337636230373936336165643361386334353834656166
37353966633938643832346334363037666264623563666663303938353935323037373737346137
63386166633137633435633334353764393732356463313037323835343565626638386665643532
62383464336336363536626437666236333434313836623534373238363662343539646235396337
39333562303230326237393236393332383063353836313138303963616634373331333139626330
38376365653130356133353761633336366265663437343036303166663034333761316461633234
36646538313836346163666535333361363531336461393130323533636339376134653864303666
37666239636337356130323337326165326562343664623232656233353932373664326638616531
62303134663563356261636564313164636234636433613239303232353632643663346361393738
63313231613233653461643966363731353765316464396463323335383432656162666564623534
32663130373938643030633966316565653838663337663438366232386236356637353331623039
63313532393163626264663739643038393438356163326233393633303361396564376539653638
31663062336537336536386265643535663061373632613930636663333265653039376430646433
36303362633036303134653866653033636466613961346635346138316530646161393461643661
37356432376162336233333063313037636263393034396430663661373430306633386237313566
62653533333665653633373633613762643937313234353835366638393439653630383032383436
66656664313062613438623063666535306266373939336331343835663332393036313635653066
62633736303565613461636431396663303036396536316662613733323939326464303131346337
39363361626230666638643662626634333161653264343531336331666334383336663235613839
32353839616236656338643065366162353838643365373162313361646465393036613464323362
62316461666136613137346161303439363130366634626130656166613866663263366265393661
35303061326236333835633564383737373939653464626338303233366564383735373239613334
32663437616466363766336161623337363365363638393136353132363239363534316365343831
65393539353733323465653338363132633830316331373164663065333433303732633334646236
35346434396230636436613666656538363064623932633836666433373364653935623161363630
32376266623261336538633563333662396330653132336431353862383836636431376339316132
66336438633865663137326166363033353464633831333461666536373034626435346635363864
63396633363431353734656636393064333864646162616563356433316539613562333539626339
38623962376530393761633963363634363566373731323635386337336164303236646538616331
61323165353331363936313438373339383537366337643537313665333136366362636361623264
33363131623631383733613866353964653531636438666664656435633935643838613261663837
63313130626134323835313161663539353731653335613739343933646233633031663039636131
33623036656330646233383731313037366636346435366337396131333064333038626337663561
66656139353931623164623032343666303831343933653436633238643735333366353031613430
66313130326239353930636439343561613531366133623031663531613730383238643662343233
33373835306664666430653362633437363231656166633433366165346531393833323164336663
37346664373264373537363362323362383032353731366336623434316131326437386536366263
62373064643939386237313932366537363439376566373635623833353535396630316665666165
62343662306462323333636537333533323639346262333631386361313361656231356134373863
38363738356565366235323263626230623530313865373236623331666236316266353561633030
30613665326265633661636336396336353262326331343162623430646636353239383932306633
34336464393361336635386336313036393263663638616632373237316334666561666630323333
35336663383063316438633231353666343034626335353733363531353936616662313465396565
38313262316562336531333565363265333839303236353964353937356130333734646534343733
39643535313562636131373466643138303765313138653263333532366237616138333638393665
34366261373034623536303633343737623234333366366131646337393631393566383261393666
38353763663637386465623734346239343534353062393631316131326266616136643563343965
36353433663834376230316433396531353237636563363266353932393933633031366236616462
32363135303934643035623237303834636166326666626432376265363734666363326230613966
33323234376465653138396665376465373330656232373335353866393737663933383437316233
32653838633532646563313433386632353666353063366465636639333766666233663739393036
36333761613837353535396662663036343766356164386264316630306262616538393539343463
64316531643766633730666137303639376565653164363065366166633238346438383235373764
64326161353332313434353662356161373266346634666537666137643732353439346664616133
30663061316432326234356361386532633435393839616261656633383336336630393732353432
31303663643534303236623130316637623436663663636136323564356135623463363239623435
62623438383661396434646561623063336138623263386262303661343664343864646366366165
39643530313935306632323137343530333636623463333364306238323039656232376230633431
66633432653635653035323334303834323337613737313639393638626235613761363135366139
65313164653464613437393237303465336535326430636566353333373239393633343863316538
35376539663262616635386364356430316366383061633334373564373436316437333031303733
33633530616337653031353165643938346235333637333234643437643833653237393137353237
30633663346234383033653562306337623036616265623536353130303530393561303430363434
62343539343466376533626164616332386233386566363466333538613134353861666262353633
38376235373063346566336139333936333635303963643737616365643732303038353039323063
36393337666435666338306637663866633434393164646433663134393636323234613037616464
32353936623461346663353065376164626134386334386137383635306536353035383962316530
30363830396536333930343566626137376363326466326337363761623263383836373264383430
66383531343633383636393037646433343736653861353764623365653964376139656462393439
64353039303963356461613564646564396237326238316631316561646465396438373439613039
36326438666233306264336461383663623465333962643139373438386539643735316634353236
35393061313631326562373236653932383233656631613434653030396337326562366634616437
61393464386531396530376633356437643265323933326662636635376331393461323831626164
39356531663032616464633334383137366165363739356462343932343963646263303430356366
66383166353634313736343062383534633038343332323736363863343061633430623233336238
64666264303230633466303733383839333935636462396138623838336534383436366633613663
35666436373333306231616637373330643539343466396361376332303366373137613566303231
38623037643465383764633537313837366230636364313964653432626134663034393765666261
36363938663433616336393132363630306436356531356333623532383731303834306562356339
63646136343637663335376334363833646137306165663537373230383138303266636336666539
62373532656466663134633233386363626330323033353865663434613461373330303033393233
31363663616464356261326338623666643438363662333061656536373833616236316334363133
37626231623061383262653065366337346536336339333464666330363131373230656362323737
31396433306462326563323231613733616435383563663766376433623561373062333835313633
39623839366430653764346434366432306464626239373666396663633037313862386665333666
31303735383131326566643363316337343833313439396337613465653237623537633039323032
36623439376630323464323063636336643662393639376638386131643231323733326266343065
31343039373937643837306630366239633231666233663631373062333665633139633639373961
39323536356436653366353838643332346139306238386463306665393464346165663932356361
39303437383661373162616362313531386466303635613737316664303362386139313664633062
39653334323032323163376666333932393162393036373939316134323537626439663265343530
31626330643464663265326662646264363438623432356661303762323430316137356163313131
62633063633766373165633866303935303732366135353532613737356537333737613665386235
37353335653963353565383936626332336539363364363939323962326332393931373166366465
62663038363133313062653934653632373763633235653865333261333765363633613632323636
66663663313335323531306136653038336433633631393664313466613331323534326263376531
37326635303466323432303337373065653336363764333033636339353664633338613532643237
39343465386432356133383665393036636434653732303931613163666631393666343965386235
30303339303932396430646231356434326431333732393063633462376234353335326536383731
39366366613234303836653132626331653436346330323233373237346130383662313439326565
30376463666161343330653132326664636339343965383939643862383336336533363138326338
33346635626337646462366335623762356265336361323639396536306562656431306466353162
65633639303338633863313465353136353564643563373765643931386137316635656637316231
35336539353961353231313637376361363863656166616161383334326433373863323733363863
36663031313131653663393939656230613132313538646638626663356364623362383235393339
66326633633733366564363736303637303130666163616565643230666539353830323135633533
30303231373931636539653765643138303838363165383531366332393333623931376435353436
61666435323363393932396630653336316461643837636431623934646530373438316330353862
62373535653932343836656236623839343365316165393661396131366537343064636333353031
32623263633030623136336235663865663062353662323031313934636665316635663731383039
62343236653935653436393830646161663433663836393966653733646630343532336535666336
32623663346663393165636537633963333362613436653165613534386631663038393431623232
66343561643333363565356365376137306139653236383566303763383334643330643865636534
34363232326366356430346539346638663930646464616264396363353139646236386330343530
30336634383834303933306430383332343832663935303761633738613163323661343536376230
31346463376636636632633939653763656463663430626464613930386633376432333936313165
64386461643962316534363661303939363538636332643738636130383666396666303935373233
63663932363732383330323130653931633632306466376561376133633961346231616133663530
36353838353531656365393838366333343030343035643637396136626363386461613365383936
36396536383364393363643130303237663437373732316236363963613733663263356636303130
63613833383262396662646161396638623833663166326536343731396666306261343366626533
64333331376139653832663538336635343830653934363435313337656466366330626631336230
34623864653638346163356563393662663934346636316336613966636561646134613265373766
66383361356136333261636339633637376636656265363063356532663534333830323062386336
30653962316439666463313763326164346466383232383935623263383739346266613463373262
36356166383530653933663033663530303264633864643562393837643037366263323733383433
35623036613463346266653964643539363930393638306366623838373664313362313361386435
64656563646239653561666261643131306136643434383334613137653937393238643863303234
61323735343538626266343736653430386562666235656236376661646438613162373562323331
33386463623466353735643130303563623336323738653762623666346631303835373839373062
34353761313564356433326639616166303732303038623463383232626231656465396438646636
37333531643838306139363131653866623430366235343130376363643665376466653432636134
65616264636538656166313734353761623233613266363166633636643263343763336264376132
37356162386434333663323361616436656166643465313433313532616532343733373561313837
66356334383762383434626530343532353961346635393764383362346563353031323232386636
33303165333731633439333963306431313862636131623666653161363034353865626566343530
64626366303235383138393966353366636433623964313032386162383431383834313866363032
61396637613465616566363963336338343334313861326237373830363530393063663031666431
31303930643839313935613438666466643161616230346538373133363961323433636236613132
61353162653837396530333635626135306665386337313363636236313238393938666630336133
62326535333532666232353965303366363063366266343939656630333962393933383234626133
32386635326630663338313762613230666135656637643866383530373531336266373864313933
33303830303335653036303538316336333330666133613431303037326564303433623637343234
37396230643862653165633764306461636133316133666331626665336462613065616132646131
63353535616565393864393833376164323130623635383539386634393833333730323335383364
30623834316438386139303965666339323035346364343431616662613436333530323038666361
30356336333638393961333430363534306433613635313530383137306434313437656636643435
64613835303963646633396433383738383136346363353838373061343262653937646536643565
61383336353066363565383634383966396634333837366639393239653835646461646666343237
31383266323731333461366465323730383333323733623265636162373261343531343061626134
66343463333463376436653135663936316666363438393463386465646639653464643330346639
65376562343063373030616231346539396461646332363639326130663163646463383561326265
64303330663939313331303964353964653439623832326432373838366135356664333366303038
38643536623737373065363265346435306562356530303633653962363334643861666536333164
31653034393065653766666232623165623634616433613939306235393765613635373230653136
38383130653630333464353935646631636231363831366432326161353630653465653337336339
32663535363265353833626633313365336332383764376339383866633935653961663334616436
34396435313838613863656662363065663931306665343034366638636362393131343663346132
66376134303531663833653139383634323838306464643134626163306264643061363733663736
35316539343431396563373466393561333764643730653735303165356338633033303437656463
35366437343135646532326661636133626133376532323762663438363939313464656232633130
35653931613135353564383465366464386634663935343662323263633530653838336664306661
30333531613633613939666639656163366564396265333730613337363431333730396662376532
30633135663962333864626562333936666664636362646465623036343062303730343833613361
38323038633762356265323264383331613066663332353665636335316364663137303062356266
38313938613437353761396266323931643662633565636439383938343739353234363334366364
63303765326533646436386132613532613634343563323430376461346661663035326263373738
33336238306436353930346338336231316363383366356263393666666462363237333439393865
33343064666362356631303834333131313833663233623538363630396534643064303262323937
63613332376630343064313234363032656530666338616334653663366533393335313631393533
64653133616564313530643135633337653063326566383635333230346365383130393266316230
39386635373239376434303738383038356361643131633963326564636566386436643231613930
31306265343664636366613232363336633033326132333034373433393065333966366166333433
36366334366164663866336135383465336532386432323939663766323462376364316565363334
39656461656366396439386537646663376232373336616463333638636461646632393839383831
62666130336433376639316630356566646166616330386663636530363332363466366161373537
33393866663030373933346466376433313466393566306263313635343732643233353262653162
30613933383466373130373732636638633962666235346131396663633339646562656333656466
38613632663437333330363638363033623265366461333637356237363233613030616361646336
30626665643039383136336231343236383665313336653535653761343836396266623333613035
66376536306663376335323735633661353134376264646464666433663530613530333262643138
63386162613930306539373766633336396363333630353939366136366431353365383138376537
66393465313135353337353964353632386239633234313066373662333331393064663964623938
63316233613164626633636161653133653530383665613537326634373635663861363730643136
33373062613066643030343965643565623162343932656234626665643630346233653238383430
66643832616436376363643064333333636336343638386663336433396663653162343734333337
36646436366564333838383435363537343838316261343361633961366662656434303933333038
64616337303739336661343338666539626635626631666366633163653736386336356435306532
34336335613264393731633931303134303337306236303030353461343136333461353933613637
62343166646136623162326338623566363363626437613465366239376364643036386266323038
32386433383137323663303839336461613766646264653163373539633164393531333063376663
35636634313739646637363665346565353363383230353964336336376236306338363063313166
33656662303037663666313062653131636335373062633035366634653561363239663362316532
31663631306239643564326335333434313763633531633330376331326638393462366436323062
62396563386230666331363238613566356562303634376165613031633265356137376132663032
61323132626337633361323731306534663132653736643061353238316239653966616366393662
33663735306232343163616233316633366138363932616638356363353462666264633032633565
36366665633861363737636139666466323439303662366437353939306236393065323063613839
33643832356365613634633533346533383262303135393435346637623861633137323834616437
30616663396662386532613564396366366535623864633365343063393133666266333961383332
64316130356432613939623332386664623132633539363161313730613931636330333031313563
66346339326135666434353837303061313764316162386261613564326664363237363861396563
64303464366536363639373434343266396564666538363338613739656562613835343963346561
35373035646365386635383166393133313532663534323035316563366434363739373837363831
36303462376234363364633530336136656261386166306639323166383464393664363631653432
31356436633031353266306232303162666463393366363438626634336133666137356436666534
61653733363333613066656565643664646561363165616364343865323938306462636435353031
36316561323738393066393736336131306361656263653463326438363965666134376430323831
64303430653839353738393938346437373261366334343130316137376231323038623333393563
61653530313761343833643833316439323337383730333237376364626337386666636233303966
66653563646130623337613965356632353634303964306463666463643136346132666530383137
31343432646335613939393735623961616264316566306530663133333039353764383166633966
37343636656434323834346238623239373566363730346332336261386235313233396564656437
34653439363262646238303434633161616538323839623538313964653265326536386161353237
35363865643631376236613037333435326664373930323930633139393437656436373636646439
34626631663239303363643337323665653535323137646237626566363636633934626465316233
65313435396631396635636666353134613936626263316536663232663237633337646663306139
37663438663862643761643666323437613135386534343764373639626233613865633335313564
37643163306462313966396336383664613965666632393061326565656366613139326431363766
62363132356230353163633738373363346438306439633438313031393835313837303566373561
34633237376366616364313935666462346336313235323765363261366163656132353566313364
65323032653338636362616439356231373935386332366336396239636463393532663033346230
39623130353365363932636536343534303934303933643862306161613261653131643130303465
34346564656661363266656431343931633733343531313764386435353266626363313437356137
63333734333739363836616663356134666261326532643636383731363335386136663962343465
37363834663665386538383839373935373034653565393262353332613132623162386432376639
63656130613531363336333739616461323035663462623438656232373766373035653137356430
62643061336363363933346330353064353334316562626633633263666332623333333061343530
39666563376663663264663435316430316264313062396164393636316635356362333166306365
61306532623736656164303863636536376162656465643133363836393030333465656235653635
64393832326161393736633962363436313863623363643235393837623063393531323033366565
66303563633933653435386363353334386566366537666635303233363135636363343762663637
63353437323330633437336665323532363864623036386361313538366634656363663739653134
63666638653934653939613331653664306538373935636136633030393364393432633433376364
65353435663633636465626434306435356261623034666432633332653737646130663137363763
31313334656331313165313934633738323230663733356664666261383635653132386266333737
37363564626462346137373636616564376361643565663932323531623331343762613537313836
63633935393634643933656361336436333666613266323333626539396462663639656130383965
33323361663536303866333162346237633935643537393539336333616666306139313466623037
35623364623032366264636334363338316434376338323264366330316466636661643436373731
64336562643038383037623361323962633832313065626538303433326164316533346464646336
33616630653439646238346461393933383731373739363165643463646438663033366336623431
35663632613763653236653834613539623537633737393831373634356261396133313335643338
64643137613065363736366464313865646434356138323435326565333862303531633032343536
35636662623839666237636364333738613063356330306336376333353132663764623737313238
61626464633766326537353264393532386364653236343632656565316437313736323064623263
31613661393032316565326231316239613633636138333766643236633933303165396336303061
33316239303663373864336130623736656534633036653766346634383139333039346432336632
32393832643162333639373662363666336565383533393037326633396136643563643764646362
30323734633432653361633636623533333962666266633835626430303163656337313034336639
64303361353439313434633364623833363331613332313562316133616135376639343831393634
66643934646262386463366264616166653432303163363336316139313465613935303434666465
36313964366136396635373762313232316630316562313738343434643662616134363731306132
61356131636337393830373261363838633439663730663163643037396438313833353534333339
36313862396234653465386231643538656261353762663363383134393638323333313538626364
62643934343034313262313835636438613835363530363538616538316663303465356361613634
32316335666466316234333461346265326166663630643935653765393635326262613864633662
38343864653563626432636131303032623834303732376339323465623830326664636232626266
32656234316262656435336539353634333633383936373735643565333561353236633464383335
39613661363030653730386439393738396235623136623232363566313533353133383536313238
62333931663663613338353038313236343231666339656464373831623066616363613361333231
31643938396464323037653634356538363164656533633563623330653338653361343166393533
63393532653761366361623963653238303335303435316433343839366137653936383964363839
63326463616563353665643661393931333766356161323034336164656531616566363630396263
32653034393362313337306565353366313464313732356364366539646238366563643230636662
65623036383763303831366630316137663863366664666162306165646539366431613934316164
39633665646233376238663065373130393362653930303930363634643336353138353066663431
36626261393136663934323565366564333935643266623465616339663638616464333239616162
62623139326430656365666165353433386432313664633335303362613363336366386565653262
63663935366634663961386632643636393430373865636135326430663834616435306537336130
36356533346434663064336132326236366231633838393165396332343462633735633965653666
38626566616430616430633330636239306638383238636261333261656432623163343062313363
33393966663636383437616339363466303731303166326339353737323366323964623366336366
34626231346139623233366436656236343937396332623966663262336133306463396138346461
33353630626237386563346431333061393037373434396630303835653031646461653864343136
32386562316133316539393566656463363137626338633863663163303362303062633766656561
61613035623962663264333161633835306635623534343535643132653632346663333064366531
61376337356433626365613938356464363533376466656231336234383164353637306536303232
61656230666531306337663937353236636363616639376633373837626436383161303238366264
34633437663661396335306138373763613839343637326237626239623462623764666237323938
34633437346164373630626363343831333839363566663937646438396439316339323563323633
30386365316336663433343938623166653062323861613433653766393466373665343732636134
30653234313663333331303938383835396630623935366134613938636234303530633136316330
36613831363931313666623064396430626632643232323737303638623732613663336438306434
34633861343538303035646139313437343166343934383533323066653165373462643433323962
66353835346337386530623633623364396462396532303663646330663366326132353830333565
64666566343261373235393733396566613930363439623166333131316638343238386463373962
37396135306334653136363965663937646561626161393031326166653666636634376461363839
66383334666639616364333866663066316238306333326561396666666436343637316335653362
32396562346631656132383432366333616633616531356462346135326535306331343061653431
33346433636365663663326133636466626266646437313766623164333537626464353631316237
61623363613664336436393839313132313131313536646233333830623736386661633831643738
30656562656265373863363939376463343964346466326133626362313130636237343933393334
65323533323730353863363630326230346437663661333931623233343333336630343037303237
65373863303661333437386632366539343434663438326633396130386462383734336339623163
37353232396134626132646434383436306664366234313165383438346265386437363561373236
64313032653339333831343932373964353539353936636664343437393262363737653935646133
31386239656537356262336264393030346434623433393632373061396233643431643164363333
62623639623734643931646334633064616666653666626232363033306136613333623630666363
35613330343532333863643563386634346334306339376461376261353634386462643635393861
30383331646265633638636434626664383338633939346665616338623533646461323237353137
39623761323431383334363661633465383265356532383432306666613735373366666264383135
37373362313162303734363337613166306665626633393766356363373931333830376234653664
37383262383138393533353963303533353864326262303737626464313630366463323363613534
36396164373666373233396135373635306436343364376534366337313330613437623137326231
64316434393163626132393264383263653130613462313062613632383934343662353531306632
63653535613836346436616531613136623431356465333238663566306166663936383065356234
33646166393761626130323937323538653265383735653834393330343630316136646532346635
38383736363034306533323165663838326533643266326631356134656664343663623931306638
63313734383339666334626162393134343261373732646133623163393463363538346635323365
33336466313830396133646632376163326665383336323965376432336534333930336534393362
35353730623665633865396365386136313563383133656230613938373137316437393065656663
37643234303732323738313762616530386531333261353237376537343861656231663136306665
61626434663736313735613236373937326165363536353534373164393838626432396461343163
34343732336432616665633066653938613933343362373038346234666465616434633165643762
35663262626161306635383132363664343333303466306630313663643036356365323336396663
31373131633939383731353739303438306635323332366435353663333531363634303137323563
62643439356430333931653233343866313935336261376433636565646264356663376362623438
62366636323466636562366263663731323839396161656337663162363933353932313163666439
34333837346265306232313039386231663338343031353636363437643966313332396664343131
33313038343935623231313465333539363439616137393031663139333066633930356238666565
37363338656162303862336639326661396633636465393632656565653864393661336164666162
61323634353062303438376134313735643137323062333863363536643537326236653866303662
61316138646663343132623266653730666364306163336134623162313962613432313563333332
66336439323739346666343833326635666133626532323431313865313538346163306364393736
65376530653533353833303130383663623536393636373339393666323534396535383733623433
64626232666533643639393830353436363962346563393032373230656563303161633234623661
65343736373564366161363963353534366432663061373765663634366466316336353130333562
36636531636230643132333332613866613236393364663731623339333961663632616538663066
37636237353839316530393730633965613934623135643132623363643339653666323136313334
64633761623665363464346532316664343063333034633665306134353865323432386434656566
64306634353638643962366431323330386635373731636433303736623137323332636264313331
35636262326238323863646662393164313838346164373165383136313936343630653162336539
32393131656336383534353539653465623235316536356631383439373535346332616463393762
66633664653962336566356239303836373865343333316565356531343462316233313637666263
33383562626236313936353935646533626464333330326566326361626236633431656432613562
36343038376638376136353735626539663265336564383137633334656630386162343038396264
34303536326333653465346136383234653537396163623265616135353564396530616630303664
30623030353566383436636539613565646231326434326230373266366338653766646232383039
31333563656533613165633637383634666136336639323039613561336463363734383535303437
66646161633234396263636165623363353339333662623763616235623362393539626134363562
34326231356238663335306465396532656438353663396132333862663162656338623433633966
30386564613665366630616661666133353061376661636233353031373963363630623062333533
65656134383361666662393436383237396533383765386137646333613337636436393832633537
63656233643263623866613630313565363861373437653639353732373237346366623138633533
34663438626137323761303161383438656663386465383138633437346466663763346666343564
31636534613739343639663533373934616134303035313330663631383437366136613232616461
35663136353832323136663432633130616164363134366162396539306334303531653639313238
63666333363863666338396436313433623434363536613933383663376633383739323937333536
61356538356563656434363032303864303037306565613032303239363465303537633630363333
65393165323762623137626663303532353830306231626466313336616663646562316336306633
37343532323433346432313336646239616137366663333033623039633262353364343834353432
35353137646263643333333835626364653662323831303734306664643765646534616164376530
32613563623438353366623765323034623163383966353739636134393234613239346666346536
61353332646135363739363137616635376533623734633765626436326663383939326137346135
64356161316131653537346135383063616433663135633431636637343238643239383738313264
31633832323563656234633839363931366338303465366437656566663934383831636331376666
30366262343963653338306166666633376233386464623432346535323835356537383065343361
36373034356466386464316435353361663831366334643033376630623661663533343832636663
63353333333038326230343339336432633961363032653261663930613635633565626431623238
32616365343234636161653832663865333765393930306361303664613239663962656331313461
39306130623632333030336237643130376234366634663366353136643135323631666539393162
64623266613931363865383665363035643661313238363034616162616139313062656661366633
63623364643831366633646465663765373165613738393431393630366631353635396564393964
31373432636466326332623061393262656361353638316536336466646237643834326463653136
37633436666332303037653361303866336335353063336262636134663331366663336138306530
64373033623732373839386666363565313234363566373438386531626466653033306465343935
63623964383539316363666330623133616435623333316263613061636237623064356362336263
63613265326536373432383734633736656137346433333038396337386261303166663038343736
39646638656439613437643463376136316238383634646237303862363637616530636362396331
37393435363739356637663464363265323763386538656334626433333438383136353430616632
64636361313965646134323531373334323830633564383537313739383135323666323861616133
36326339343261316666313235353062616531623339356264336162373064336635313737616638
37643561646538633763633231396636646134636630346637376665346365343534653035646535
35656361313361336437613530383063313733316136623434353535306264326664656239386532
31373361356336616630376334343761333935653063326664623437383033646566383466616333
38346163346538346536373331386333656562623237656263663135383733313236393037323733
61613963626237373765346638306439333164336165323061303861616366326261336663386264
35333734346231346432633633656661393833333133616638646535353730383936666265316261
61373736646433343564366566313338336664333137373232313739393764313830653161323561
61393534373638323231643136303639373763346336366665366162643533336463623862643432
32336262323565373834343339343330623364623239636531626235333565333633323131303262
34303833343936376631666365633137303163366431656635653038643133343132653563623437
39653062393434396332343234393730343532306630333237313035616336633839633735643938
35316638323237666637316238343765663263396361643735363639653965306435333661633835
30373733643933653065383539383966393430313263656239613135346330346365356362343734
38336663343137633937633538343039363635353335386235383539386165353238323839643139
33313632393830323531626134613966386633623135643762383265653461383036353332386439
62653261373138343766646662366666646133303165303739656332313630643737653739616433
65663766623932623138373665373632636332626336396439313931366336383761313239636663
61613733363830363732346339323839356531663437613537666232653435366234363066383664
37653561353661656133633736326537633034396464383534393665386630313962636431643063
65346430323035366166613865623162666131613739623465303933343538313939323532666532
65323330336463613833353332303838383162323633623963633565653766336334366336353963
65336361633961373234366331653264633835303531363062323936323461633466636534643361
61303466386335613765386637336431386232323939386436373833626134623236326462636163
65313632333430616561393232633537303939393161666363363435396138366437366661666234
61333730306531373233373233633733636530666133643762633039383135356436363063343534
34616662393134366363323032303534646432333266623565313130633730353166643533656561
63393635653531656632366536613137636565303065313863646539643935326162386532326265
30373132633064356364616663333731343231313637396362326365626533393938623265613637
65656564363334373062373265336434336131306437306433356538363135356432376261313462
65656136383438643030623130353833313934336337386363643166303836363037623232303233
35336236303464616531653562376566376630313963383539313937643361663832353265393339
36356231376434666663386363393364646634653139386563656538393263656365346530313061
37633265613435636634666137613364613937393764613562326530306562663638623135393262
66613431313036613639323733383838656539343165376132663735663235383130386331383565
31313435323262653031613664323732376138333039376432383837356331643033323635386530
38653331653636623731313539646130383136333565326236383765356632656566306535613231
39346232636439326331653363613163393661326264636466363737346432323235326130323161
66663361643432663638626338613563313964383566303863633831383632386532316164646633
66613438356135323230376637386133636637306130346463313764613436626262666230396564
65373932383164376264656230396333336662373437313938626139356439333435643632386233
38653235366262353665353966373366663164663039376465633338376666623636633638303061
32373766623936326436313265653034333933633837343732393166343666353730393730613166
61633334313461396666363735343138323231306634616637633635303361366136376636633937
31653233623738613137363264326339363465323133613662633037613238316263623735646262
36666635613064396335313537356434343037373738353338333836633337643539623139626432
37376630653032313337363761626138333437383665303261663939653635326636336135616563
31346164333839633132383766666461653630373264663062646237386566333733356636333935
64376630353363663365336137336364663864366433653437373065346431643161633634646533
34383861623937356434383964343166623666376636323261633261663733643234363762656330
38313431636666346161353439366665643230303932366530653663383630363762366335663037
66643063376364393463616432303033376133643661386634643866623663366332353835623333
62643038643963376430373736613838633732623538363537336437653838346565303565653830
64333162613161656339633539623931336235386261376461303430623931353536313465376131
34396536633863643334336234383334663666653463666231393437316564643332613665613466
35356630303534616264346365376639363134366135666165396339616634656664306363646266
31623735343033663264623537326165393739376131623931316132363235393965666533386632
36383762623230346334396236653134626165626136363436636364643036316536643839646366
39633235363261303566383866643261656335343030353535313566376531666632623236343462
35656434323864666266363565326663646665333838613436346638663335343632383364346536
32333630633235336565376533323833643539626664663439393733346538653062643366663934
31633137623035316430316361346232363362393135346436633237636232316239636632353038
62303263653763633130323739333938616661353038366333316264656439373333643163643761
34383263383432386637303231646233313334616333373763343466663035363336656161623136
65343332383939636135303536313239623938326431636633643233306238383366396331643639
37316264643831343736303534333231323439353331373566623262613637636235383330313135
33663631323730646535653361356139323266356366656139383332633565613830373738323663
66373264353963666439653433393632353630353136313439323566636134613031393136336532
32373337646232363433326337636261306138323034646561363031316639613263646664656131
36633132636430303864636461303031393161663163653762363162666237326334643739313962
37663035373066383834643438663963303832363066613563663662313131336432666533353230
39613831353433643439386434306535323037663133303730316631646432363135613565303963
31623231313666376465333537313966316164623837633965643339343333386635393136306464
31666365616433353039376665303963333130636533616632396130383538346136623266366633
35313036316135353766363963366664633361306132333238646635306232396234643732383831
34336235383966656466343965633365623437366531383536333335313136353130616363366466
35303336613562633434666361376639646435393561326435373466333133656138396664633364
33306461636531376664656436346562356533663064346564366165623364323164303734363434
38396138666234663530643636313066363661613436353863373862316334636161626634633934
62643437326134613833346339323765393631636137323534323630333739613230643635363530
35666635616137376464323666313161643464633133653236356339323566316630643766363636
37313337363633633538623333666336356235393063333464663032653064653964336534666566
36383334666438653033386563363163353362333866363666623434383635623839333033303536
64636334373738373439313332333331373133623033336564313938663830303434663034646234
61383136316365386438386664353238303664643461386131323663393837343936613433623632
37666432353138643535386635363666343334353265396132613939363462373432393534623035
65313566363936393063656261346430383637383038626533396531356265393864653062373237
64303830313334323664616231366531653363393165643034313738636635393662363738653635
65613430663834646363376566356361653130626661386362393666646162383839393135386364
61663966376531646363356530373663386332386636353730373133616562346664613136343635
62326537363766613039633865383135633538666239643434613132636131373333343033653030
64366431613834613261656134393334633165623361323030616230653838313566333332613639
38643331653731366536326130613464656133623766386332383864646438626435376632306364
37366662346161396337613466633734376562313936643630343963613564343461313335346336
61323638323739356534636638666134663431353037363635616435386532646638666234373937
30656332616232393833303762623562326636306561643139353766613361346361363236653633
34643065396635333064336631636535383332393165303063616362623937386366373432353365
31663963363734656538646133366231383263613031353464643663386564616131346233353465
31376364643032626561386139333463383336643337373737386465393230393330396137663335
32663633656131376461306634303235373430386261306130646139323039633435653364386134
31626136373630363663616432373466313065363539366464616661376339623439323839646430
32346634616631616338373762653565393338663035366662303361383462613263616161323563
37613430393663373261353931356362303866323135623665346463376166353962303936303965
32323666346161663561343864363134626437666630303664666361316666336661363933336633
66376564383435653233343738313166316365656161643562636364396232613836636137353832
63373639353465353133376134306162393931363935303962346162343932626363363433376335
39393262396531626132383562666533666633396565626164653436366238323935623038343763
36623134326434633231363062333765326639616230613538326637643632313837376132306438
66616163376532663965616336616332393466313935393037653566326137653630663035336531
61323565636263313338306462333163373366313031646438303431623066393565393430346232
66356435323937326434663633366662366436663839353636313134366132626463323933653263
30613161366166623366396431353136353365323339633336396532626433346261313132343662
36633862373531383935393238313233343037636534653839643662336234323538643961343036
35396137386337313263383030343864343434643036363366383939393637343262333234623965
38316633353666643836323530386334303066393863646263393166386263643733316563636537
30653566353636386636393137636333613435633039333062323032313437343965656533393238
33393962623938303738363330633761376462373066383230396233393037636638333634633631
32373263666331343863383565326432376232633931353061333938373464646630636236623832
32393130396135316230326631393334343235373936623761323936613238356435356539616432
64636163356162303035343436313730633639303630366263363363323966343937343030663661
39623162393930306563353732353239333832613561613835363962666365343065633236396439
61623732623166613230363464326462313836363936343562343037633764613266313665363936
34363936306530363931636164666631656433373939373234643061346238376530346138396339
61316639316439646136383639323963386537666431336564656532613361383237656365303131
32636431626134663137343838626563396336343434386237353461366234386535363266633961
35653531636166323236366437303735323534663064373431303635616633326264373636663666
38353166393532663331613362353131623166636232386330363964386539356238623637343866
37376162663330653630653962643736653536376561646666356362373636316563386435616462
35343662393163313638326661303432323735626539356338383461313364623235626262666466
64343732646264613737306362393764343866376631656433646332353935396635326136313134
64393366656130626231623064616266323737613864666134613165393436396238656165313530
32613231616533393461383265643230653131616330663632333837393163366561366530363833
66333030623637633831373236373463336461386364333535326338636266303832326639376563
30353630383939666366333232396132343537613365393535316532653436616330306464666163
32636563306665386566393830663165643962343362303137613838373731646236396662343433
30373161623930653963616261346236366564353365663636303231646134623233636639303062
31643863336162396463313166316130383836373837626539346532343933646466316531373839
38643766316237336339666238366332333130333965663666656265656338303261623138316336
38386261376662326465376463663937623962313163616534336266303132626133353561366163
62326234383438636132363236333130356364333833646362323461633065376362363962336466
63333137316234653237623139613462396435633738323535313531616637373662633964316638
31306239633063343265373061343630393936646562626663336330656265663136633963373235
38346663346533656630643361326162616464616336336332323335343138373264363730393033
66343662656565326431353163613938396434373035373330353962373538623762396233616533
63623730626565643365663137306139396666346364343865666634646666653432376166623261
35363765326262303366376230386161633461396430333534396631626531666234636336663836
63363566633937353566363335643730343963323831623561386132623462656663353565653738
66323630343735363739373933623037643030313539326630353262343432623531626133616165
61303737386237663639313365316330356531373063343865346535643037643131623964623835
62303632323362373738663664326632373565353937306562356265386334653462623766376537
33333535346633636166643436363533353930346365363230316631363437633035316262666166
31326632383564643138333761386630316333653337656166636534376665313630343834363232
63646263353564643434353661393735393235386365396264663134396435373765393465373735
31313666373031633530333265333030323738346464393935626266616362373364633865336163
62393463326634313733643531373831626136663930356365326132303766666136373136386163
34313536653064636232663165356530323039396463366264373665343366343233353064383133
30373339336535333166303861353339616163303931313933666363323530366462316564356531
33656261376536346438636664346562613139643337343934306562303931623533303631313535
35663337336131653736326335643263613862353861663734393865383238303033396433616530
38303536313465303265636330353739633033663833613832623762653137393932613831343161
65396437396662643233626433323130633535393532353230386366336238663663326666663832
66613636336466393138616439373337323166613164643030333334616465383335613936666430
33646635643837303763373063663764333233303737666634633930323836396161363531633036
35393632363862366436333962613331363565633161313638393535663831363564666132313330
32383666363236376137666166376631663339343938393561306466346137376235376136616434
63623333343238653539643639643961386661343666613433323165623266396165323763623935
36396532636430346262626264326666376263386563323337343431636230306436386432623366
30633934653039306666656338333432306137623534336161663732666236306262313232306138
63616138616266623238376163643934623738323436636462313137363264633561366235623833
30616563663130663039363531386266383165613832303631396435333062643934383964643761
34343231613839636438353337643266306230656638633136633632666133326334353037623065
64616364396563333337326132663961356463663230356561396331663034613030316161633166
39643961373461653664396135336436303538326533336639653935633766306265336666613361
34653962616230663730323835376166623262303933646230383636333763343861663637326561
65383131643037343236343864316338653939613838323838613362363537383366616166663333
30373337303366383936376336343264393461613037633765663966306164323836623434643733
30653733393366333636623730656339626533313537316139363933393231376564363338613861
62316262623864316665386336316565643230306163353538303666646534646330643065333661
38646661616564386237653532396261313338656365656434653133383034646632356438303831
61633831666634326436366233646266653565313938313931303662396464316561666361356163
64393963343631343465613031393539666438333730346463653763373133653030663866666637
39626431643938366539383538306362643765616132616230643235333736343334373861336261
65363935333637393435346266313136323934383636623531356233393233613636386634636662
63653466666163306438326465333566373036303239633039376534303335353739343132343166
62616438376634663639623331666465383139313237633266316133333466353966343333383433
35306162323561663136616363373133306361636235306437616365346530356138303037306461
66663432373431346136363239616337393634313832626433346164663664616562303566666636
66666439626162383233343561633266356166303639333830616537303633633564623862306165
34623931386533333035333663613737666635653231333065613534636435633264363062616134
35393533313061356664663231623763396465613063353633306134663633396134386130323733
61393630343863663262363766333433643333666265656161383734346636623939653931623763
35303839616164363935316531313765626431333963383335303735373337663630316139326436
32363634353437663133613831363232656337343836656433366133653534663662313865646537
39646431393232303562653337313065306565653937626639373536643035363939623931313039
38616138616136343265333237393761333339363239333937363738373166663834343035333738
39333935376233356334663438323535613130663633353963303535346364313136633732363961
66626666323430353237393861336437306230656631373733326461303261373065363961333535
38663535653232386630633363643362613362613039316461373765363531613132333238656338
66613964393965643731316366653833303763613361633038623563643563383061323335633462
32306463343233313034363266663061373830373230343766326363396539636437633362663263
31366431313032653139646435356535313333633934343665343137646237323231303538316138
39616235633965333132316136333365306238643061306164363033333263663636313435313736
30323564323234393637633632386463613033663363366364343239353831393236323563343435
66383530306133333531653839656164616431333763316633313739663439363031626231393535
65316136623365336430386435373163383534373365653136636561616130356135316337336330
39363830663835396465656565393435323530656338323734366134633333343133396362626166
34373863393834336535623131346431373332646338653763636465663733636638623064333637
38666438646535363239653439363466643135383234643936336133383332636336626238303961
31323564336539373730333664373763663863613036393161386461623139306465656264333766
64366233323865303166316165363435386566396632353835316437393332656237363730626261
62626638306663376533336333616332333539336233376462333661356332323763363763323138
39316533373838643033356266366537383064623430313332316636303132323666663761636631
32636634383637653861316461333835663765306635666531343837636630333334376465316261
34386137396261333239363465383737626332363436333964653930343838666264643531346432
34306137636132336535393033383833313731363938393731323439656265373762656661623464
63366539336333323562303766323363373933363066326136396266303461363064323339336238
33366232633237316435383133303962306634623763386165633938613665646636363565653934
32646665313634656537663233646233336331326162383131663266333533343038393964326430
39316432313562663938376362343635356563306435636231306630363430623237323463313463
64366462313738653631623466383836643063646438353637316462626237343236646537343037
38626139353439313533643437386239366539623366623837313964333533376632313563656232
38353833396231623861383261643466393161653030353764353031626261346565363036643838
36653666363933323433373766353433306363656430306366323866336462373061363461623466
38636232363663666362613538383065643830653739366364366363373366346437346665353563
31353764633762666432663839623564663534343235343231643438356666646334616436643334
32323762356335326361633836343761363430633933656633356663363934366532653961633230
33616464346361386439333161383364623139396662643831663736646536363038386362333834
37393266663337326431633236646635393430333864333032396330396533393863663330336432
32373364356137616434616333616635313734666462643633373762303937363064306439323235
36386563373435346463356131326666313361666466373266386231306635623636333332653038
37313132636239393831643535633765316131303135323132633038323532643637646566616238
38396664343263613135326632383663386637336530346164343138373933356561393932303336
38663835306631613536663435313564643062373633353536613533313530343034616139643662
36623030643433666363376138306136353535316132663364636665363265383933643730363036
38363537646633623034366634623764383130346632323636626438333133376237656464626636
37623866306366396330306435633637656633623765653238633265313930303939306562306134
61663235343138383462336261613433666135396231323031363236313330386637336134316465
33333164663131336261663466346261633462323033613434353966393366646463616235306261
38343435353430313538623739343565653732323166386264653162363435623263663433316661
35366530353235623664356465636635356563343036363133393937326538333230646338376233
62383233616438666133343564346432613731393262336539333333353066393637366539646637
37666633356462343362393736356535303964373330353738353530623339363061386432393061
39353234316438303332363765626461386537316261646530656462666331303431653334343962
36653035363036323662383361353463343039323334616237303132396331313238646664616432
31666534373436643631343730336538643936376437386536383730626664393763663564643036
37306533303131363135363964616465376536643031636231663463646439363065393264396138
63306637323266376437343239376363393532306635343563343766316663393138666663346361
64616334393235643838336339616162363664306162396638336163383638653662626661316436
62333861653838376536666539336131643962376564643566336130346434353534666437373638
61613561646532306662343464396530346235323737363630373833396464653731376132323362
37393438663237363938393265323630363839643365373632396361303461366662313530376661
33333762313538303030356331376563623134303439383231653233346631333539333833373235
35313230323835663631646564376236313038633762636534633964393962626335373261353766
30333936633531383035386634383462346164343537626431313035343962313638653165356561
64373764346138663035303234316461623530356565303435353433343531616664633432396632
32393432666539393062303263336666643931313930393765653535383334323163333566613331
63393335653963653134633134343463373666366665366562633661646364343730643266363334
34353935343339636139396233663338363437633932303266313234323361316565356432386330
38396464313138333331333139356133353535386337623565613037363761373939633463653730
62613863356537316533353731353132663961653462656562663438316435356135303263616333
37373135373436636465323933626337356238323961356164336336613737366463316162333532
39323766653466333737333764663230336638393965393232633630663133386330323630393837
63326139643863353035626561383533646232323361623131393361653338363130306330336235
37373533663236613830653834646564323036346166356165633030353837613636386239643561
38343963626635666666373730343038353462623034363564616638646436383034626132373165
37636135363831336537616233333564313666383861303136643836383264363934643264363361
31663136363766643433646232343234613166346236646136323838313731633537333737366336
31623630666436633737626364636439383230363065613933313564343861316433643837393430
32303565396434623366326662343762616137323438653361626332633331656166643136386133
36356534383334346235313263306362333936616162326462653361386232356633373537343465
64353665613263303038333937626666663430366233393030643662373463333133366430303833
35336333373164623662323731303162663138653934623335313732666163663066646361613434
35366662313965373135663861383761633765343166363031646361343836666637353134373335
65393161633737613430333733313232633164346639306664313839646237353165306137316231
65633731393331656138616638386534656139323263363535383962393562343732393236376431
30646633366233303763353434653131363539663166653835646164656161333439326238353335
30643539663437366536336634363031356534623030653561376134363931643136643536353030
32383162386465633333366234643336376365373661653432656236653964363239653665366237
30366464626134386161326564326535656536306231636433313962666331656134346136363563
64653534323830333362623531373032393938316137626232616463623336376534643564616361
36653038623266333633633132616538306339303938363362393161633335376363366637653831
63666334363066643535613564346632646332653861376534643934366361356338643031313363
61373566366431383931623730316238333764316264643661383132636339313231353834386436
30653562643536376530656166666133646163633163303935303561383462326232313161383831
33616262616166306131616332323466656162363038343331393738353336313663666232333336
62653936613066663032373434613266666630626633376434323365643263333239613735313033
35323135643432313337633130356161316134363038623037363138316330386563366166366436
34636165343930306430636331653238393162316565376634303637333665666261313262346663
61343530326263623763326261336636383836643361663064626563366339623434386539333563
39343339393033353135623430646530633561306464643562353637353731386631336134393033
36666533386464333931623733633339363166663731646235326534313163643763666361643061
32333062316266313766653038346138326562303936623037376436626135383938646639376263
32326338373333326163326333316132643066323665633563633931306431366132633861636164
37623562316133666239666333613939643061336335376434393564386138336262306230633263
30343031356631373736613365386632363637313233383963353939373161316162343162646163
64313564343063336663316234353231633637636532323134356336613930313836343337663230
39336262343666633764366335666364373064626661656264333231326366383438353232646430
34363866383137613836323739666266356438656263623166383031633934363461653963396430
63393932333436303262323361386630393933633761333465343538373031656461373435626631
35653265323964323630316437333437643463356631663965653161363136323662313233656536
31613635633531653866303737396331663432643830653764623935666635333237333539356534
38653832646335336632366632303238333533396435666230623739303339633263623238656634
61313335643261626435623064393365336366326135663236326236346530636131363334353532
37386135353734386261613461306439343537356637336666343235363037313461366333323230
32353163666263613831313365353231346462383538643664373564396266386133653039306462
34386230653033366563313632316332363735306631303362306634346661393939363237306330
62663765376535383965336264623934633234663562383662386136333761666135323164656166
66613963343432393933346432393864313465333237613036373436633738626164643433623264
64383038623430653230626565663234353435356662393565666534366162646661333334656566
32646636336564366263633061313135636635313436663563626166626435306165363332363066
32353061653837326436646564306237643964626133366565336463636336356536633038383663
66363264336563656133346265363761306465303530323338643039313063616636333663653634
30366630363439383364343030646163386638643065626532666438326331383537663738346164
62373436386562613937656365636334356133623663393938613831616466316465393131663363
31343361346134323134666461653037316134616632643534353166653736313530383333306662
37623862386462323536303733326533616561346131356532623436663735613133373861373935
39356133366134363436363234383761633461313766333230396561613063636139663036323862
35373661316536613531623838376530653937636533636565666635383135333336663431653364
64333537363563396131353534376435646338636263623935643936393366393135646263333861
37633139366339336534353264336164663631653361346264323062646262393466636165356637
34653938383837353232623737343866653239613636363533633639386532643130326236326130
37373532393265353734656534333835366437646265373866616136366431316436653437613938
37303234333235353565633530383162396439643935656131353661333337623037373530646130
31666563636130366439383939623639316366356239303334373134663739396339323762663035
31376166633930313163643538353965323434383566303533393262306530643131623536323339
38303233653763323465383061346630613932383861346238373435653765313831343435363932
34663633633161366330666134333038353464346435393264356264303265653031373734353838
39386364313163343437613661343365646633353730366433353562396436323338396238643265
34363739366130333739666363653536643761326164633864333863323561656663633137646466
65356637316436633265613637626231626635383361356562356333363030333135363964363631
35633934623436616637306636643936656231626631613431663166666661623939333964333839
34373663623362383233613738323064633161393938626133626262363033386234643733363261
63323865633435373237636134376433363363656532626132323364306639393433343731643562
36666235633838323630653933303234663239613331346361306637633936636463633536613763
33303139376364373538333736316136666139633863333861646331643363323231303430313939
35303364623066643631373666643937326138363237653637656163623764363662353366346664
32383661376634376135653566306532346336376533666339303161353931386538366265613832
33373235313462303666666530343562636230303936396564323432373631333537363438393761
34623363336237376363303730316435333263616534633832313266303965343066633838333839
61633464373164653463353033313535363966306436343836313664313239623136306637616334
65643235356536373633393265366465346561366237306535373866393633626438353238363738
35303265353530633162383738393231633562336333353731376365396233656431373034323466
64623830343030626261353732363933303035626630633632306161303761326439303063393966
37616262626339323862303933326333303532626566656235323336656635623135343364326431
34663233323132376238303438356461343065386466323164613534373833656630343633383233
32623638353333313863613432643037656366643435613564313638366565633737353236376233
38666265636633366134346338626539363832386563316530666466623838613238366266656639
62633737306262353532363266303232333561636163613531666232656337303739653430383037
38653637313238646339323764366466363537316531333331343966363361613830363339623039
39316661336534646564313461383738353465373839646436656438633837326364363135623966
30636638326262346464623538623937653437666538353434626133373435336564376632323139
38333135373336346631653435333935373136343966616632343331373363616666623430323038
36373835386531613833356332383231663262343430653363393735333432346265353761303839
61343136623130326334373564313138656364613839333637326335376239626630323562393763
62626462653166653236303235646462313331386630343436636465383432613938613266346239
31616637353234363864353635633363656365346163323862393164613933383965393261316532
37326364336462316138656638323636373266323332623362623232343436386166336430313330
30613638663036323132393033343932303361343863333233623233653461343462303436363932
63386235623237323461396564303036306433373862363066323666336430616565366561306639
34393030643933633434386234646661396331316439363738633336653931333834363334343935
39383562373930313166373034353034656532616462343733623830623031353437643836333763
35356334656337656630623939646561623864656662653930643432333438383738656233386539
65353133353762383536613432353333613765383535616165396433656166356131313665613131
64346634306362376264323031353662643561366166646165616436326633653536326237666135
36393731373639316334643039306132653831336263613163376436623237346164373537633261
66376133366637633563643163383732326465643661636361666532383632623535306565346535
31303363623435386534336638623930636137613165623433313562333634366636313563393038
64613036646632363335613765343361366337363832326236393038653432333332643463353735
33643436336462353432303361316463613739626564336234353961303135376162656434653239
34366138396138386139306562623935633766633965333533346431343639313333343933353261
35323333653966323762316439373239626263623639616530613232393562343936353764626262
39383033323233386433323139333939373865666134653837383432653162343330623434346665
37396365313535343665623135626230396332663632366435393662643439656431303865356237
32383661383164643165323236376630346136303063353862376533616436323865393930346539
66353031373038656532303839663664633834356436373864323231356537343633633266613966
66666630343432656435636233333631396536346131643438656466383162646335356238666363
30383931643865313365303264633436303263623533323265323864653266373731393361633939
35363365313737303039323564336439393437326134646530623032613864616638373062623764
37376238346530646535333935383064346630326334383063376365616638386264633230663438
30323031373962333266386666323035396130393939656334666636313465306661383264366562
36393366323661313031386339633832663431316232333665666433356665316632643866393032
30373538353037663464313461636338363333623132356534336234613566336430373939393434
66343637303565373431626636633533623937373135373839396336346465313835663330353061
32313939386338623466633139653338343036613364373161306563313238346133303564343563
31316435303536343431396564383365653736303330653566363932343233343439643733386535
63383764343735643135376162373631323635393737303638626362643062633062346265316363
34663539653135313463663532643537653432343062303362363733663062353436636362633463
30656432386130646635626539646337386133376134343539623537373864386366353236383532
30663435346362616234386533343535613439316538646632336362363263336438303032393238
32623363336461653462643961383139363532373764616535383130383637326532616563313939
63326562373335623264643534633133366633346332323038393163386631383632333636316133
32323637333537333565366163313636613264343137326136633061666139373163636630396635
32656530653363643334366631353133653538373538626438386161383265623634613533656239
36346531363165383864643761386134343336373339373064353664666165396438386235626364
62643737376634323063396263663337646235646235646565653935333338366237663033353332
38383336653935663663303232303231366364346338356661323334376363326430386230623230
37626465363732613035373131343236653032626266383765363361323832383036346339623064
39383830386238373431656166666366663832643863316137316331643865646234323563366663
39666464336438356631366362633561333935316361343130363831613864613633363630303436
39386465666234653734303332613134663839333734333436386465346464663861333633303130
32343633653566303437376235356432643165633964623833336238633566303238306132316138
66633631643134363330376366323832663065336539626637346537633866363833313362653332
61366230306538376435316231353364616233633931303733383962346230633236636632623330
65363931306536386637373631633763366230643838383264643433656639633261363866353735
39353666653332316662343863386636393031343066363838656564643961316634303432623039
35336163316234653538343639663238393833306439326162623562643766613839313837653861
39613164373632616135636665333933313864663631633837623234363832373734353932326366
62373136303461626133386565616366363636393132623735613436353638383862373439363231
35383462343863643531633261313463663430323833633064346631623332316665643462616533
31633639643063393961623437356464396239346662633362316266343938303962323430643932
39306631666439616537303436373138383532333732373633343261653961393732623233313662
37663264303664313034396563626238303431646663333032636136626534333231343264663539
35643932663130363538633239336138626138613536303431663539306631336335373265623565
37626533633964656162353534343964383433663130663933633533666165323131643865353737
65626335323966643166346561366434363836343362373536643435373638326133336364386462
65643239373262633432616462653666643730656163663565323837393438383764306366306165
34653963356364363666663134373733373739303836636336653334353238623764613335623465
61636137393832363139343963653038646331646638343037346661663635626633383334323564
64383464386331626631346331366638626231336135383863646233663962653739313432306637
66656232653662613136303536613736346165303330376635343634653032356635646466373864
38316438633162663666313265653731303463336130393236633263626266393665663138383834
39613966663336666163326636333932623066353664663565353161396335633239623963343564
32353932326463353665346365663030393735333464323966646439613333313634613233613238
61343837356635633239666561613363393462306665343833353833636137313163363338623837
62363335633661313230376339353864663033633633353666363665633866346165633764653838
66623538333563353533616261626130383438636666623437383434316137346431346165376466
34333831363337396531626534326633343664643033666439366162653562653432636432333434
61363832393136386431386464643935633363313439386134656234656435353130396435396234
64326337643432653838383364663763353761643035306565313231396139623435373732666436
61653137633236666533323136656239303631323561663738336532386462666663663235323030
39346162373463623739383738656539396233373665366234313636303938666234326166626237
63656335393632333633353665396438323663376230616166323737356236373334646334636664
37303862656530326162363564356163663530626664613536613762616563363335383636356265
33343465366333643565393139333666363162353966323266316138383131636636323064393435
36306663653730666465363832346335386262626163396134383735323965643433393332306331
38646437323363316162623365656135323265366230323135393532323131373562386535346436
36396563373835396565353330646334646336646363376235366362323466333463356639616133
32386662613363613539656562346434373661316462376132356237396331633636356435363862
31656133343664376462336238386237383832363666303238303332613638333934376238623733
62353332316562386433383236396264373762636161353661643435613837303332636461313134
35346533316633386435353338356265646561353838356231666239353735353239373066366365
63656337633538363431633162613062353365356337353761366635363536616365393530613666
34306331616563383163643664306265373539393536353466643363643665363561666162306664
32623733366534343635626438383362353238383764386138653661373038326264646436373838
62336338343031613166663762333634396337623766626130303033643362633533346632383839
61333435333339356661306337616434393939626239633765623563353962653365313330386436
62386137656266353335363630306233323838623638393262383939646130373534363764663931
64336662653866363963626538663433356665376236666336646165613762366634393364326439
63356662636232313339313039303963663130313463626238313735356330323063363636303963
31376362613839366336303030303539346137343231313538646463373238376264326137643866
37666465333932656439353666346532646136396464633136616462316433343632313438346332
61633231343436393736346135336635643630376433393961663064333531626664336562656538
31616436323932396661626235326262666332626434646238383835613664303833356366376431
34373139613932633834653931396463316561613562363831376130383866613863343637313361
30373933303335643032353864393333336631626534376164613764323363326463643262663636
32346531353265383239303064306665373232346264653762313962633262643065646132356436
34393539376631383737353264333964623666643430613264336364386338616266333934633536
66383165376536393236323862343631646464636236613035656539613433316464323630356439
31663163306161336636336535366535316361616537303039633362653134353361323030313963
39366462353064306136313464666462626165616537333566343063376432326636336331623930
33343765336634646631613035313635366138653763343066363464663762653739643830363634
39306638363961356162646330636561346531633637336564353138343563363463653762633130
38663264623466633238376366393062353463326166613633393662656138616137313233343033
37386539363362336562633638383937613766353634666537663866303831323332653134616132
61323338663437336264363332643332333235646265303332633061383732643361343266376132
61613831323065336436613231336461393634353237303262643531623832376565633132346130
38663835623864623838326538613137643131626633383330373564663563363030313531376665
36333735393631326664393831333861656261333962313339613637363564636263373735636562
65663330333336653063323761386164326533306436653161333932343439323537333134663564
65323863613230323939643238363333396666656535316539353035343536613862653966396639
36326135643331666136393835383131303034353862363562346163373233636463363431656438
38646331346233393932383033386138613865623136396561353765326635613064333061626562
38636266386236346139323264343638386565666136643837653864346566343863653666323436
32353464663639343931316163643964313639343666363533356230393061323436633930303465
61323661333936306636386137306236323462306634366336366139343039383663646439623662
39333962623331393539383239636364343938346433663535633233663838643838323162646339
63653266396635366336633265663038656663383663353562353531613436306263633265616138
34383036636636646561376132306231363464343532343562653965356666623733636538363861
34643830653734303331316436323366646630373534346130353838623831326362613430643338
39396465333439363030393763636264353165353238313064323833653761346634633062353232
36383834343033336265636433636161636531316138663065663039326132396465333664613135
36643330313733366335653564353631353462346230393031666233626436356433643163356236
32633136616331616465366236366261373033333139323632336166353466376361343263636335
37386465363035386538336261376531373464616263616461366536373861323662326662323431
37356433666439396165313865313830316538366536623934626564616230616161643462386564
31336332636235363963323932643262636266633434393338663831363661333465376265363933
66626334336466666537353164366237643066623634303634393665306263393062343136316464
66323732313131383731386633393838653938383033303361363837383962373861663864316236
35373962396439363065396564353065346664363965633766336134306630336365393436386138
63353039386439616230633836636436656135666635316364623536353436623231383537386462
34613162323464343739393433393636333931383132663762623662383766643130613837363562
39616262376439613939333461323939623234333135356137343535333731666633356661306238
66333362396335396132396336383738336639343362303735646536353836356361656537356337
31356265613065636336356136633339303034623439366663636630373630376533663764666139
32626633653231306539323064663338623339613361663165663231656461356336346237353136
34636239666233373865633339373434633236393238653132656636663932396436376133613762
35346235383764343736653139326530343834386133326335316338333933633631343339376363
65326562396535333566323262386363353235373631666663643032623531336433653163366136
62396161383066623034656439303931396366396665353037356435633038313265383764326531
61633936613130656632626231636465353430343633333961636238646233633238393839613564
32636230353735643131326366316630623536383635653033393333363435373266313265643637
39386234613134386637303334333137363566653734316264326464386665306135346632613363
31316632663935643734396438383933613763346266303837376165646336313466623061323439
33346164303963653766376138643063636239316236656162626361653131323763656564646538
32613438663030616530363732656238626335373765343437616661313362363532643863363533
64613833356662313864633439356138643837636335343862646137383333343635343434353836
62646531336633336365303664366330306335313430393263636130626230653166373132613838
39306339656132313235356336653262396633313330363463366433303635383035366264616461
37356163646163633835363931313536333639313539346662333835363665656338623639303937
63363031656135393063353735373361323031356438326232323531383066336464653264656430
33343135326633393661653737383262366264356365626332613366333431393934363165646664
37353236656632623739303461393031383764333961626262353639646164313339366163613834
39653134396134366636656231633539333037333864616137626133343234623230356461363163
64333965366266336166383837356533306237353166666365313037373737353732353433373538
35623163383163343835313430323335326534653830396234656532626337643762623666343361
36343962626262633137643564663434303235323833376433663131353865373838613162633963
31303061663962343738376566626334363433386434353239323438613264316239643037633830
64366233363131383165373262396665656435393730326236353831663436373037393236393332
39353038343565353165326338333161346562363433316635333662666435346535376462343964
61626266323133336432333537363864633332343237383835613530343439383937323139333038
65636230333866396238646635646233316463313962633431306634316366383634656266666432
33653164323762353035303563346532646663323430373265373030303965343736376639323933
32303765333033366366316561616337356435653237336236326136373134346265313635663761
36666636313536636230613834616162623631643066303964323262623732613763303034643039
39343866343762353130623032316262313538343435623632653932376634653139306230636264
32636433313138323632316566393465656130326466646364633332663365383538623561393230
31383332303861313630333631313136343161393534343731633462633237353164343732346665
66303933356233653063373436613431656362356438333432353536353939393962353562376337
30356237363065376534613037656436303030626363663863393864343330656538343634306438
36363036343437386266366137396364666665316533663733653130303537633564306630323937
34643361313930353466376566323862366136306564303465633465393634653265613731333632
32656635636634326166303738653764643534333132666465346537343935363239336139373535
31383031643534643234653665303462643665646436303132343763363136633863326436393534
37356665363235346431373563663835643966353032383064663661353039363665303666323339
30343237613438633637383133623164343338643534636566653966363133386635396434386534
66396662396562633763656332306561666237666562643361393531333437383933323766666436
34366631383335646431656166623165313565626239623832613535656632633937313538363931
38356666613064646264616634376237653032333462343431643537666462343262316361633538
32613566333334383934653438353763613035386566623836666635313135633938623665343733
35313561353465303738353866383632353063323365353662633231386564623538383533376231
63633663646463666638343532346339356438633666646563366362333539363837643630326636
31653435626433653839363164613962633866323933353533346230363031393765336632383437
38316332616537633536326535653131626662633137316535616138323035353034386136636463
64393264666365656566653164323263376530303034666266613339366466663866353234613731
63663339356335646432313230346264626164303131393735366233616235633837613865623161
30373031333063383039333236616531343831323665343531333666353937343535366635363639
36643339323362633061356530353165303232666362386233383135323635333731363139626261
65663265373631323335316262643531663730373062616233313935653834663563663032646139
35393736313239656238323564643136643436316533356136326430343833396365643839393133
33656663326132616362646631383565373335626130363237363265396239613961386462343138
32383332393437646438653939306138386464386364666232656336356436313364636531666336
63336561386636613961623536613131633730656265626165306538636563353366643762663436
38373436626664366164653965366436633335656132613366623234663366623238316438363531
34343336306632626132363761363436636135636163333339353837313863313962643433303961
66343165373639316464346561353337623964343232313235313331386262653662363931313230
38386132313336376635336339326564343965656437316533656337353932633034343135383663
31613737376630373164306164376439373737363737613431613631623662613463653538373537
37613236653965336362313834353033636239323038626236653239613533333866616130373833
36623038383365303532636263666164653935383665656334613263333461613338303561653839
38666262343761643337393433343338336262353536656639303763643534623332396631353336
65343063663363376231653934643635326363356465386434336436306131666239306165386138
64306631323939373365376631633965373038316665323937393163323266363433386136326338
38393033336334363430626532366631393965303037313030343563396661306634626465353261
65306233643764356262366263663666386663396330633161633765636135633435636630316666
39393138653133303037316230383430623433353135396230623865613062323337393865636432
30643561383566356538333734383939653933613565613266623065366438313765653730613732
63316366323462313933313061353137373638333938333434646237643165356237313237663766
37313866323431626638633833356666303737663833373630303439626435356263623233386535
33396362373430636133663763386466396563353561623133663335643238386432613237313131
32313035643136633964393932333361643961353433613365326464633431313238313433346137
61653031363539616365383331333166343330616239633962643666306439313761323930633131
66653736613436343030653032343038356330316133663031306265666631336537336239653766
36613636663232623431353265613831666330623539316635396466616437636538653465326631
33373431633166656466333831633234636562303861356664366432666564386632373363323837
38663565356233383630333431363964376332343636616530343065663362383363333966383137
65353633393762326338343132666234323761356231316333343135346161386633336562376164
38346431303332616538643161396539653430616539393664633736373031393461386565393465
33656461376330656138373532303632393738326266343261663835303538326239393131323432
61393539653863396536666239386535383438646132326339346237336361303237653536386533
31623661343762643634333036353463363831333662663038643635383462323664653532373437
65666637383934346566373434373034623135653261346633363739656235333933386631323231
63616638383564343238373364366532646464386334663039313232623639613961663738383062
38303834326565356163633834656662303366393130666164356437613963346335613737333464
63613865623734656164396664396661646565653537346461633264393938373233623734623338
63366666363039623961653034633064363265623031663132353737396562636563326131663230
35623537366434656665663663613933623831366165613738336337343030636262326562343738
36313532663637303236353239306432643565376135386630356432643935656163663838303462
61616566663138626661373536333933613031356532316434626534313630336233346362623664
65623262666231626531313134363533653761343637663361656135633933373632616631323931
62616537316563616339653032313833386433633035386431393538386337386332393562333334
39663536373364353832363530636235303430646361346335333733396364373733356234303362
63326633313661393861396535323033653036636138306266313530333333656331323163663062
66363365663837373831356635356535646536663135613131646533653032343962626561613462
66326563333937333863323035316138323938623463313736623633386439363638396136356561
33356439363033396230343038383637656634613534313661343134336430653531613838303966
66623534316339653462626336666239623032343033313762326362383666366438646462303534
32346239376235646632663061333365366230343739633065646133376263373565636437623465
35666436626139343566313961336138306533613061303564633064653338346266626238303566
34656134333566633237306430656334313232636231616631636364383364366135336430613431
38376663323931623034373266646437366638326539316536373362633364316538663564306134
39383630396264343034656564316132663831373135306230356564393830376362313464316263
39623761333135646230393162316561666538393835663531373030333462623435336163386466
63376661303163613435316435366366326336633137383831653936656634303833343461643434
34633836633166616561643966613732373530616365663732643733313061663038353437333966
32666361646237323761653166633131656462386530623434646135343736316263353832383663
33343463613365366533376235373735393434666561346563636236373765333736646536626566
61616664333335613431373261303936623364616534376537663062616230666232616337333731
61323863323839323033343237656465316566323063613837343136626165363632343263346538
66643963363337653738613032363735343466303061666165656361316663383563333439396635
30383732643163623661326263323136623430653566336338653032383434626463653035373632
31373432363664643532316461396166633537656164313765326134316336643039376432336163
65376237326164646132636537333761373364663465343832323163353439333337636537366438
64643730626533666634326331383735356364616536343030376233356535613232363637656432
65623130396131346264636438643164646366626238643439666166613763356231613137393939
32306266626661373264363631356561653933636263656130373066646437643337646161636131
64366331623863363163643239646334393961336333653662663236333633326630633135363831
61653233306630333664363739393463633835383935346234373438643033356265643964373765
61336536323439383366373335636636663666333937633937366263633330356361333563623164
37353463373434343764653862623539366665336136306335616463623764326437356330333234
38313339623539666662326365363833346337346236626332373737383965363736303864316337
31646366356266316365613662303730636639613939343232323333323661326435643464366239
30323861636539326435393338363733343439643132666430633865646633333333656533313537
31326130343562373761666661663434346364613362323938316432613866343332633564393661
37663166636231343662626563336665313330626237666438653036323566323034393936393739
66613931393263303637343032363732646164636464316162313437343265616461393730343734
38376434323531343633323730303164326663663164666534346466393231386135313735393538
65343362623064653338303636626166396638653664656161396438373162623432323130626535
37626137663136303931303332366335346330323039313032313234343238666330336566306565
61333165306137363735663238306566636433666237386166613231633761633863363930653733
30303631316462396434666266613332633738376538326566393566346235663333656264353463
36633639396461353738613134366264633132373065376362363464623734313361386536343831
65643164663462373532636665306438336533386666376465363833376664333534653636333764
39393163376566323538636164386139353630626535323430363137313238633834346232643037
33613864326637376661346134356365666231383962373031313232353039653065643835313766
31646531343962373030323132663737303766306430316365643533636564616165313461643764
65663231376332653564316464616661346361343562393130646332663363346366306361313136
66656131613333666639666534313664303039383037653137346530323261343633633265396662
33616432316632353364383261323031316635636232376531346435306539303434346132323663
30613961326636646234633361346438386234373137656538383736376530636366396435613362
37613031386163363038313137643762323430363763636638353936653833393764383731666130
65303937633364366636336265383030323739356163353664666462366465373562336637353432
36633730616338356336613035326161383331643064306438643130326532633839666234316266
62356639656136346232356437396537306337353864346361343931393239383961613566363335
36623935336437396534383531346630356133393361343434323762336239313036306334653731
65303138623032373732656338373738336366346166383265643635343162646536333865353437
35346462636333626262396362663266353763303561643434363166653132643638323631326438
35396339643962616464353330353966383864323762616662396464303337353838346233393762
31363133323963346366663464643035373437373664616636313534386337656462383362393634
35313031643164326564646561643762616530363736623439326433383437313039616337666630
30326336663964303934613632383463626136373234383531383836353763376535393461643538
33376638333530363635646131623361376161643666356630396561363966383562336439626138
61343164633663383663363636383863326531626563386439373432613536303139363033666534
39363531366334633330386661393164646634346636363064653764393663356539626430386138
39333163383864653162666365363761306238636664666135636438663163363539336263653564
35363866663765373039623131316534626437633564646165666666616330396131376465373136
62316637383262383439353632646338323630653865336338353066333137303537623938306263
35323762386261396664353339313062386230303639353934353434353666383332386232653365
64306434343266653630626435373261316465346631623933383761363532616434616334323137
38303561393837616339396537343930303038326261396436316363326134663237356636396136
63303462653732343335353536613030613936366531316635373938306565386433323138666130
35336136376332623462393737623966376433633463323832356333623037613163313231333035
34333266326338353033626635383961356437363232353064653434613062333439616331336537
30643765656361393632323434363931636166646637663439633036323033383137653439643239
39666331623830643662633136376465313436653138393031393466333265663965313364643538
35653062666266393937313233356533653137333439616161643330306533636335313864616564
32313132346530626434323432313463303363626663656662366639636530376630323362656135
33373032366463323834356165393337646630633431663336376334623330653164653039386532
30383138383334663838653730376462346632306331316638363031616436376263393764336633
64666239313136666363356238393864383234356533623737633963333865306637386639663631
34333134353338366630373965633338376261653361326538363038623633353830663566333764
39643734353433623237373265303934303730613766633765613761353332333331343039316434
32326332323434613638303531366237366638623931383464323964313838393665653336623264
37623535363533666533623863313134393765636266663863663232343165623033343933613163
37323962663839333238376262323137626464393833366362306661623036313162393131663933
32346431356663336130303936373433366666626433366337616430313966383739633230323331
30376632663136383433336430333834353834666163666465643665613962653532326366313565
37633934353961393130383832363233633562643565373239646333613563393435343465383463
66313339316261356239626139353962303035343932613139663333373134646264326162323565
38613932316465646461623931633932326562373431376331333033656533356436326236343130
32613363653030333232333461353037376565303839616530333565376137316230383338393036
35346337376235666430373839376363363631393737386665623234323832363831306234363565
35393564353636663364386130653238373865316663306233333134306165323939623838373032
37636237346262623665383537313930653766373537343835313965353661393363333039316237
33376330646265346333346330386566626236613266663039623739656332346663343762363832
37313861373734326433636431653133353339333936666663643837633531323937613131666536
33633963663633396533396166353764333039313333333935376630386664373334303234623733
39313331613036633436633562333534623866666264376365623664323939633661353032303064
39636666386131376638336430353034643131386265306566633939306136363736663964336130
62316538393337663536323364326261363831396463336133346661333763623330396666313735
32663134386562666564333330396261663435383634396663666365353162336232306530393165
66313332353836323035633631313234333161656364616132633532626431303535626432393632
38363430373365353164313934613631383364366138313563306461656264363763373164386264
36356662346530363431303762313865663266643166373730313537656162316139363464373637
66393339373331646436383863323631663366303235383564616439636666343631333036366235
31626665366533636238663839363839656266303433613734663039636631336137306431363064
33616432356465653338396639633762363062663832373436383639366236623563633034333138
37386462613039666430663566626530356330376237323134336632383036366435356565643265
34303461303662666665623935346133356661396466333363656138326161323231303739323036
61383566326165396537333038323130656635633532653436656665373434643166623862396435
36303231313238646265306263373034616534626666393431616337333966373538616263383366
63666262333430616432623832656135366434333731353661323837353262633235396333323262
66326436346362383766336136656535396264646539326166356462336332333662336539623436
36313232343466643836396665306561316436323262396534313466306264316530353138383833
64623862323535636231393330653733643732353136633963316231393934616436626430306131
36373865623333363366643165363133623138613461386564396261656238333832333633306435
35336165653835346136326232383731383135633331633463633832646436383966376164336563
64366631613465623037386361326237376137393539363533616264333863326135313737353963
35623532386635386662346139623039336361343237346663396138333031376364616535393934
34353261623964316431353438336532393839326539663564303336326633346361303563353335
32643238393038666166653466323332613862396537623931343637306330313161383739383962
62666537636462323863323732373737376135666339666562336635666538626336643666633635
38326634663639633563643131373137643866353064323362333030326438383133613862306562
30343566613938353936326431623433626565613735376335353535663563303133613862303135
32383961643863383838353361353234326662323231323638343933636236626164386130393131
62333635663765323230303766656432633933393935303731613435393964373466663339326331
38323261636164643934656564306135303231326262336338626465356136333731353339626634
34393264343230356663626637396430383838613134336339396233663365356530623833653966
66353062666532346635393639323861373234393763326130636430343939643361373962646439
33346462623738396465373938313535653062663864396234333464376662623630303633613532
61383937386232363837623536623066303831393462636532376639343238666639376262316233
38383233643863653235396332383739653964656536623730346637346237353230306166373135
65363936613539623335326161306461336132326437616364653236656133666161656162353139
32316637643731313132633964373764656263623833653539316563643664343761333430613466
61323334326161363261333038313366383836666437383763323139653133386265616139386336
36343238346638626366313830656234646431613537336338666162333266346661343133623433
65363261636434323938376437353232373734663662313937323464333634336461343166646439
61623936663034346230613637393432333638303834663265363137313936626131393264323936
38396361356137393461666466393530346262333532343338643264626162373439316163653139
32623830353735363537653731653238663130313662616434316235386437373163633266396130
66386437613835313838393032306331326562663138346662633938363239396231323138376333
33383465366539613462386633626665613863313562666430623137316562383566373634356337
34303861633035333935376134396133643965303430343561396665383034633763633732336666
33326233333964383039303532346534626334666264356437316438373538303030353062626439
62356235376463353331356164623237633963653335323937396335353733333131643866356264
34343561623062636264396538353065303631306363646237356433613730303966363731626566
39383131373536386632366635616462656432363038346234353030376335343434346264383133
31386335643932653762666263343563363565653963343135333233343435393862303334306131
66623464326565656239343966643937376631333231376632366539303336356265393030663535
65313735373338626435653137336665316232373933323964623262346339643739636538613934
33363732613034323864336163353539313865623438396238383639343235353032643137393530
33633337383864373932636337356437326361666461643039313630393766336231326265396435
32363062336336363736386437326138366130616366323935313464386663643332626532643466
37343166373164636338306330356537393637626366393132356565616439353361373532633362
37643063376336303739343062646237396334633831396339643837353137356132613737613832
33623036356561663338323235336665323033356231646265636232643734383361373832643139
62326131656536333335343664323234653433636366306537613863633031623139646430636561
38623862616236633066363066646130633933363861393833343133363032313735623037633239
63613161373237613735623662333562363338336162346364623636373466643265363430636230
65376331386337366163356337653633343138313335363963613032363865666263366563393630
37323262366561323236343336323532616365303637323534376466636633316265626662623436
33383866653264656636363639633363656166316166653563323935393536333766666461656464
30373137643937353231393532623639356432373230623933643936303938623131643739613334
35663738643231323734326138633537646463386331326563356262653061383136356635346166
62353839323265343831616564326566616461666232643130306565383030336165363832663537
31313436646339373062636236636235376239613630306664666661356435613163343265353764
33643263393731393564306134313630626265303962383866396565383139356562633032643335
63333534613063383037653431386466323264376133303537666439663338616366333531336637
37326133383961313835626436373433313264336165316264303764316630386661626463336663
38373238623134373034613435633539633137356534666234663761333737633764383832316531
30396664313735646566386631333531316265366563613536366365383663666336613465323461
30303831366239663765663766633639323039336130383564663931323832313664626632663263
39323932383132306232396461376565303263313237393933353532653039363963613365346132
36353231376130376139353564346165616232346438623764386436616335666230643862616638
64613035666433333864393238306338366639303761653632653262306163316530633030313438
38353130636436326466653462366363656465623062626332623939353365393665323031303332
35383037636433633764303532613265303334323733623737313232346337393866363034326365
64646336323535656439326337313362333737626430346365393237383831643733663339666133
62373631326162356536386565653230643439316661623164333064346639643932333064333464
66353339616531626235616239613362313737303337336664653665393536326533653435333165
39356336386130613830363136356136386634326237626534333361363736323362663739396265
61343939383937613764646236326465356431343938333135366563376237316461623538323134
61353036303632313564666633383331313930393038646465306562613834656337323866396363
36343035613166633730326363306165613263366461343964306162626636623430363566303031
32353332633166343739373365356666643964626335363837353134663637363064646236316562
32306635616264346163313237376364366664353537376636316163313639663932303963383464
38626664303038616337363136613732386566303236316539386364326464633763666330623332
32396633623133646631623066363962643761633632353663633561616366316431383531643561
31343932663030373238623131353731343636326264306433663538313963336532356233323236
64333662336465353335633965623766613633363561666635623133343338303432376161633630
63653439303566346565643866326261646331323336646266626435363238363661326239373263
39653665343162316137663165663661653933376530343961333539346538356639396139353436
37353632333637623762613462636137623339313333376661356535353934636663353964363762
33373735643264366364626630636634613639366363633333323230633663386666336362643831
66373731353333303639626335306665306666303735366439636536356433393631663566646137
34666137613336616530363630626535613263373632323534373130333836343936636462396662
34323263663639306436663264666437613039623832666632373366633962396464633163373136
65633335383863353234366663373965306139653539643630653739336536313862386432623531
65376632393138353235383839373333316365636132623164643031373030333438636332343232
39636465666535666434646535666630383764393532653834653864646662633464343334653739
36363233373932373261306362373161623862646464363033666630396632643031623934636338
38616538663635303639376638663064633764613134366661376438383165343466643432313534
36343265346361323931663231336134336264633237643430386335663835303838313932333131
31366466663135636564653935303262616666626530346330613061306134313539323431393933
31663137643063343539373830383233363730393565366233396339356663326530623431383337
64636539303363336137343962373636663830313936616166303130323338663963386237666362
61303234626334323664616634343961326239616437316636376131666333653637613165646334
36393235363864356461313834356262613965623964326438636530613830613432316162663861
39626437653366386238333438363066366264663835396466376161366637386262393637363666
34383636313561393933643264306630323962323831306136666530613135346465383464373264
65626363346537333533633530323037376562653636396630633333336136353934386331653038
63636362366432376664633162386337343262343833343535393063653566386132343663306635
39653066646130666237633738643162656633643238353435316232393935316365643338643438
31356364326466663435363562663663396434363166356164363561346137316238333236396265
64336432616234303265633965663465623734646435343230656265383432663062326435333035
39656338643139343265336263633239313933656534646164623832326138613038313934646430
36653263353537613262636264323866613565306334386661643266656264336265393339313362
66363365646265353130613939376136363864303937393630373361373230353737353866656635
33333535663731346436313236396330613266356261643532386336636531353839636264373761
62636563373131316137383464363735653966353833333536326537663839323230393436333837
32613564343437326635326630643530633935626663396436663564363862386561623130353333
33343230313665623063323661663235623761663931353365323735383136363132363038643937
30623336643038353561653062623362356461396466363537386533623033373565383864333265
62373033336433303065636432383761613235323131626238343134653966373564663033366562
35613130663731323336316262333833316138376332313734333230386536346630323232643763
39616661343863323831393363383935663034663433623065373638386138376134393366316435
63646162353563663238616266353266653966346334333136633532353233613334653136356636
65376536383131306465353239366262396332663761653062396132373836383130323539623735
63333366393038313064656361383861643736356335333166643739366336346130323666653830
34626434333039316437363230383434326663616438306634653839363534323032343931333432
66666132363661326537313830616532633233363535366531396336336439613763376165393235
31623361303133616565363632336531643634626333623734393131353838653939626364393036
36643934636234386230393663643837353634336663373237386132633361363731363031376361
30666637333433393031303835393738393231313162666632613737363939393937353039623735
36353031316466303036353632653865623230366534653434323338373931323761616338356636
61363137613239356163633634316665636438646337643134313066663739643731653737383938
31313734353032303433336330376430303235393061383438383135653831346337636466653135
32383536313031333561363563663862346436613762333361633533643234623364626335636364
63626166366433396336613738346563616264626132336632643438323163626330383363646338
34373235663466653033363534663836386661353730333034383664313266666639393635616466
66303534613963656266343832613066656566666162343966663366656662303338333932646636
63626664343839383939633164393939663965393336613261333432393438393033386433393937
64336135643039326638316265306165656138626634666461666239616265373633303035653162
30346533363163323130356266343534333762653038623065636133643164333662306236623764
30623737343037643766343738376637393032323734363465333736633432666636656338376130
38323331363231313965636166613430353737616236623464356234643930633837386365323133
37353133326564343063393539663730386563313430323933306331383364306238643666393962
66306534343436623064396236656136663739666632366239373462323061636439626561656666
39333230616638616164626238313034373239653537663533646462636561323231363362343033
31353335363431343137616163643832333665343532636332316638613136346633336437353364
65343166356233376235333936393332633139356136326432616334343535346530323166333935
61366230666634333761393538323061623837636630653766346663633239613032336530613563
31383535653639626434633432346362613564386230363436313961373738626436383339303733
65663762613430386661666137383266396664623230636265393837336532316333333332353338
61396535373938663437396638643238383061326139663131633630663238393464356635316339
31326533326164383937653162336466373438333063343366616561636330633130656331343136
32653036636533646530626562366333303038306163336463643563313333303562386132623962
37653830383936393031653530333964356138306362343765353363363564313661333362633837
37366463643863366133613164666136346633303961616133383930396262386264303465333364
64316666343031643338366238653438666230663536653263663832383633303238393162396363
36386433393662333534666661313261646232353539336334343638633133386436323638386539
39343938623536626464396161366330356666356331623639316164386564356237366434326534
63616133366335346337396131656263646330616238646365663935613638623830623865353033
38396263633165623032653230303331396166383233383964656562366361343266643336383431
62376530363933613736366531363461343638306561333466393262623734613664623330613838
62356134303338336638616264343964366637616334613261653664626366653530366265633037
33306664623435303432386131356238616239646637313035616662346531336633366334636465
38353036613233396263343737356638643562613165613832303133373238373737656338613837
39636138643866323832303766343939383638393466353766343538363533663939366137316435
31643930396462393339373038353963623530366231623564376337393234396265643037363063
62353266623539393835313133333236376261666465366462656537656534346235656162313831
34633663393364383666666164633233326534323365313864643937373131646130336161303934
64393532393439663338643830373030643337346162353136613432373232303537646634353536
33633132616432386238333132383466336634363162356531323937303232646465336430373534
63363332326162326237386435646438393636303538333463353237376136313563343964343639
66373866366365613436323135356231333437386666616335343735666537316135626565623764
62663739373537666261653035616633316565383138656463363262633339333735393033396635
33663561323130313031633661636464393539656330316130316539373030663134653234333239
63393730333132653631396437626464646664613964396164616534626131626231616630333761
61633463303362343739643465383664323831623136666362666133383239376231623836396135
31623531393233636136653333356133353464653733353964613762383761333862316636343535
34633538653063633537346161386565663531633332356339643038323561343032343037373035
66623837393038633365323136663838613964323338663531616631653866303761316439653862
61663136376535366233316165376432386234323838346438633830613930653963636333353831
63646264306239316162353338303362333437663631626235303530363532383238356339393561
65343665393030666438663739306335363263393338386436663063323330376164623862353930
34646466306365356564313533396565376462663435636434663563373866366432383937633430
35653638336539316132316562653662616161316565383536333465343435313335633266323534
65616461366664373866356133663163643632666361313833313834353565353764313835633966
39306635353465653234303166306237366565613962653238303339333461663964623762386137
33323431643864373366343462353533383638663664326335333837383437363235336164373832
30616435303866343863306661383039613063386663663733383136383238626332633431383637
38663362363033623366356631343936366562613632323838653638643237613236366432656338
32313736346238326165653038616332653231626539373663336231393866663135663463666239
32666262613639363839653461346266353131666435653762373861363534623766306564363231
36303531613236383239353833623061613831646364616436323063316131383933613066356634
37363766333837383536363663343364363239646335633164653738656530353134616166633830
62336166303631383162623935343332303530333064623338613463376531653336623865623265
64656133316630336436373430373337616132366366643337346438656231396535633031363366
34396434653862353064326362303361323130663862313133663537633434373131343339326330
65666238363930396135666336656138656536336435633862316532343237303736396232353731
30623862666238663239643364373537646636343565623937386665336665643762666637633263
37643032393030316164663431643633623366316638356138393163313234323231353766616262
37633530346537353636373665373032633432633938373533643165616633613637303062343964
65313930323836323632626437666537346532623964373932393863343162303730353366346539
66613935383736636231636633316137313630656434393239366266383233633030323366316330
36303838646133373135386564313161346335343237636634306637336132376164623634343036
61383839356538366338323531653333343239656362323039353132353234373465313630386564
63636237376434333439383632303533333638663635623862643237356434303638616465306433
37653338306264323266386434623337653161353731323932306339386566313738663330366664
38373435303837623335323766666162393330353637366634363238346534366332333065313733
39373036366132343063623838613436356531363465613432386234623635316437663339326331
33316139373830616138393561383763333365323337333636306466396163343636356332323835
65373265663532353638326230616662353464323135313361333033386136333561326631643732
32393336616461373634643266633337623038633937393332613039646563663936386261323736
36373939326130396436316261626663656665303636326634626635313362613439313636363636
65303530363430396530653436393464623738663937663933656534666237376533346638383730
39363464663833396234323461306437313563666431396464613863633864613766663634346366
34396636393366313031313562636132313962653432376566356463626366663664333863333865
37363837386537303165373936326262386137356335316466396535376537663330326534666638
31306663343436383236336265323365643861376433386332636463333666623763623139336535
38663036633961336635636565633763313936383334623737356435663238386531653766656236
39353865306433336666306434333662643565363234623631323334633439333065626535303766
39376462386263386363363837656331353035316230666265653364326130356662646636363231
35643537616463663032646562623036656665383737326133613161333762316431306134303634
62656232326432633535633261336461323233366639646333366334306634336231316132363436
38663761303835346130373862636165656236373766326331653035396264313539306236343237
35616537336535616637356434356136643762653033663430616535613837623334393930363163
34333566306637646534316431626338363536626636393932386362653637666365373264613164
65663032373234363533613635636362393937643633363763343539633033623065383464623733
61376537373264306237303035613331653436323839656433383663646363336135336661643265
32633538626636643938356161393438663533373961636333373938303466646563653361613136
64373861396232383362643661326239373932376434393936653335306632623765623164616338
32343662646238643136373238663462323437313138356263653532313132666431333561313334
30623462353564663461376536356538636630633732653366383830306361393966323964663661
36326364373262646366386561663136316461623865363038336566323836323133386563366639
63623534636531383161313366353039656333393466313031343237626332633232323463313262
36383634643330663435383038353332323130616636613363633336623934656136363432643433
66383431656561336639396534616561393534323632326263373634363262616336393931316664
30303930663865613535373731313161633862393832303066323264653036376437666261386364
34373134363237336135646537366261663165356564663931313730353132373265303761393563
65306562393661386534653765376339623765663632626437363530303964653563326561636634
63303161663961323538616330353763366338326461313265396565346461386433346365376537
66663036613135303832333237303463356337663836363761666634376665316435346130313634
37386663373765613964643064393639373936623434643935353038313864643437306164623830
66656665623835393630633464653439333461343361626437653764343430363962353065363566
31313634653137663136373666633038633235653532336231633966646262613335626636396665
30303035353036376162343764613164383664363462313631343461663235303665653238316461
34383937316535356539373931623835306232313237383335356265643235353631643138303238
31393662646331336539313538613130666233336664303261666630313265363236646236633262
31623038373839353833633966663235636239616238653439393362396264646166303831323239
64363737383261343731393235343966333564393834633638616561383334316366623265373361
37383635316232353766653962363833336464373634313862383565616664353464316534323962
34346636663165666363363336303763333261303262653465373537636632346166373832353437
66656334666261393565386462646161396161376135393138663333323639323362333639646265
30663266323437363839323839306537653263336262623237613036393565353133393466323833
65613137666663386633383832333265323231666561666536643339366364353566643730366331
63633834376631386361656538396234366531313831393435653337323033616563643338373134
65323333303636366639336135636635613233313330383961663334333264353661396234313731
64636264306132333766626265383939663931626661313934346637323339316135323836323236
62326533353231353036643661383535633764363265626332363961663033346333653832353466
35626339326363356133306664613561313431326234303861613937396432393132643533363937
39353533626461383232323438323231613938613333636635653431636563363738613439653138
66633563376666656461333932623962333737323230663731303331346632653136626130376535
38656165313430656138373866636134346166643834613737366361653937386338373161616432
66316132323834373161613539323832316533336437383332373362636239303662663632393365
62623538623661353432323763336637333262323838316339383831346466336262633564646634
32303731643365313561383833313562383337393061386337656139313834633436366162393936
30343434303935323364313730633464653930376363663339326265353161306135656634376335
65346136343861633035656564386263653062326330323035633733633736386163386639343564
34643463396530396339613030303130336335393038613134333938373630623061613566383665
32376432326365383634643135316465346265346164356337363761353831346162396662633030
66343163643664326665356138353663373164373631366164653262353738616635353232643533
37303762323031303266333433646536633761373735346336396663393763653638333232623935
34363664623866383930613761376335363936366634373937383734616332626564636264616433
38303231363838336431626466653532623535326537393063383734343630363434386230653939
62663366646430623466636536303863633364396532653264666561636637316533343838353761
33373632613361643466616434343333353762613834326136323836353064613661333864386432
37633534356430373131366233666632303463633538613235313938363530643936306130633037
37396536633166323663333931303164643664656664323930646262666263663861383862393462
37666235303731313032383136646437353432623539623337316463303139346162386661653636
39613134333237323131633130313530383633633238376666623535303663326634363432653330
39646366353666393963303637646436633937633834623038613133313362363835313762373533
32306235323366303633336630386538656131376565306462303134313462633034626437393935
66386533393537326530323236633130333439616433363963373636353037336164393330383564
34636631393735386661633938353066373462383734613634306534613466393036303566363735
65333065633461353936313164323131663532326537666334396131396532393062363733323831
31303965646638316534313966366337353439633430626531663337623630336236626461336330
35333434383261306639656464616466666232376135353635356465653266383632373134666532
31633335333366656163636663353637333236653339366237313033613930313134303238626538
61316464353765343761323066633466373839623536323533396166383563306130646131316161
66636430383564633539373037373762313936653731643632373834613830373838613262343464
61663936653862366631613835623562376534336661326430613439643533333366366639346466
36646638383335613066633830316537653963666538393834363231633863633133386665336464
66663732386332303662356232636533613365633131633661343963393463383462376131643366
63636165373863353562306562346231626163646636656636666239626561323765396535303464
65643864616633353937356531333064633836353239336234383132343964623261346463643636
33373966643931386433343136303562656434356263373934613462373538616236303035363339
64363364396366386161313364363465646230643732393061376362656137336465346330333335
34616663663931316230616439396639326263646535396630386265616366643935346366666332
34306531326164343637316432663662373136323438626466633136613461353631343635316663
33646137323331643532366335636262616439626636343733646630656636396339643664613135
66666630356532663363663735316166646362353861626639623838346535636264393464366663
31393663316635383737383862373266353764396633313762363830396432356664343733626664
35303865386363613531633762613833616433313565653137393733613330316330613138343931
65336238343661363536313434363662653662336462636461613936363864643836346134373633
63613738383733376361343463666362656364323764663339306331383561646631326131636539
31346461383933626139666664316433333036623931643035373136386165323232643465633830
61656434376564396330393639396634303131613365666130353962616533633135343461316332
64663136333033326536343466633036323065653337356230323734613533326662666235383839
33636665383666343166656639326335313635663132383039376439613831653430643936653964
65636432316538346362613566396431353037653434383931303632663736663530613331316263
36363231633338653132343063633332663139376165663530356231366238346662373232623130
63626161653438363765623866633939356132383265373136616365336133333966643934376430
31633636356233633362313162353861643064373639383836643661633833643438373637653966
65333830306639386430653139646463336262323333333664373038663530396536346164326539
63306636346630376663373662636462333934373639303965353339633934623466643432346630
62313230616338616130323136343530333762353231343031643662353439643136613365613038
39313735316431633934373561323932383531303666653065663066643233303361333262316666
63396264643335363765353134396432623739376437396134336436356131613163653235313264
34333765323966643438306438363765623461383566666234303831633735653937666537303432
32303635323832336663393464336139616465636166343239303166373238643938353139626664
30316331653433653061636661313139383362356363383238383335303139663166313063373837
34653262343364313339633265396461646365626431313238613532333633613938366536336431
38376161623565646334393538353936306664626534333934383030363738636164323263646130
62316238633961366261646231613032626532383131646265373437323932613065636662383065
38396164323133353765636265663831333665666534623562323031336436333233386539306233
65373935303931626462323362366631663466633665616430333737346533626634313230653163
30626535353337373039666666663362316466623364653762656336343637653265316364626264
63316564396261663333376132666662613835386236356565393938326366636262633531613830
39376563616639333738323638363037623864363765333166633234373663616438333730643763
66376137353938363265383035633731663033343730343039643361636430363435376137303662
39643563353064616339613432376530633033653562333031326430353036306439323863363866
35326430623632373138663635313162336332366637336536626432666564653632343938653733
32663163623034303165363236313434623864613631666631613233306235333533646165346436
30666464373066333733386137336133306563616261363531663663653934353132636631333637
36323932663835323032333531356431346439626534376335333634356665643639666236623563
66343562313830343066396437326432633262336534356162386238313735316637383738616434
37303063636166303066393339373166303937633931613937623962386133313037343338313564
32346531353335376131633536393938626137306564353138353135333237373461396465386634
33643836316538666133626236346338323533336664613234376630356535323237633737626638
65643634353065636266663064363464656437663633633239376163373139396564333239623335
64343630643539326364616263313531333730373639333736353334366632623039323666313661
38653331383766663739656138643235626264396135616439326531386162633862363934323738
63356166323861666365346632376233613139653265613565643238653639646239393831613637
63316131303464323863346564663138373864633166333132393534616366656566646138353536
31366534383235363332656365613230313962616365646563363431386234333136306139356363
65316534656337303037646530623566343133363666633734316139363530313963396130643531
37316531636137613632363931626166656464613239306664633562313436613933643938623231
61336531383939333863616638366461363139366635373564393364633666633638623462613734
62343034376361646339303761643362343439346433306135613733666164623535656432613139
37666638376461366531333835343238663364333565336432323833646166633064383138656532
35356137313239373635616662663734653532663538386564336139353238343762643132666537
34353633333631633365653339303163363337303436383364613062616562303935306238386565
34346535393734393866393961633831303165326637343130386366393866343466633831396463
32336662313738333436656336393034353264343634366130633263353433663932636135656565
37613865313631666439306465613866623730623361623032616337333835353832613532313663
33353838313836366165316131313533303261313931323063613564376332633161356666643261
31623631613734306136353734373135646662666437323230363633336464623866663766383237
39363030383537353663643839373739306464323436653364316532303333613665613035343731
62366437386432396664356333346333326237623464666564643734646261373064643863653234
32343734623833356264313861626136386664653861626239323734376235656239386138303537
63303033303164366235373462383730366465313734616537303139373236326538306662663936
37396536386239306237666433326439376435376431393030316233336332316462623761633139
66346466326465663536663964363366393535356335613531613935643761346635393033303730
39376139643831363533353938343662363930633639333036326632313834333066323737623035
33396632366366653031316661363239333931366335663763663437666536363564363235363465
39393562363264653637666565313061656539393763313264626161323333313035626362366133
61646236393966643634613966323064383731623531366238646666316239626438336133633734
64336565643233383762633466643336316634643266386365626337373261623639323932626336
39386636626437313735363631626434386631643235636465666335663737303436376661663763
33363836363234373966636336373135663938356439373962363734383865613436656338356332
64363961356435373637363633633062643863393736346432626561623732353166396361383437
66303730663438366166316332363664623064326664303965633538303131653563656436636639
39303738373931353365613039363031313864333538356235653963633932323563323339663330
31393932653233646235663432653333363762303863316339333563353832306432393832663430
38323962663634383863653361393736633630666130666130316131306438323437626134623463
34386564323761643534623665613632656162656338643533303532636333373634663361613636
36326334393766393236616465373961626234366531663431393064623939333532643239323664
62306330363034313137313633666230343536656263373232633134336666313937373563623064
33393461666135363839373762393664633331643261613735363461623236636139643863353933
63303531353230663965306130623732356636643631343533623166616637613163313137323333
66396135396331363166343437666330323366386262663963653662623863626365333434626264
39626165646663333730366331643534666161633030316431656531326333626463336537316135
39613164393035643864633138353239666562396661396432653536303962613266623937363032
61366438313532386136623337653366666133643531333933323461646466373331633537666632
34636337636334663330383063626138346563363866643736643734653032346161376230303239
66306430646337363937323234393664383133613738303833643138623936653333643766323764
36323466663664613536373533386665393233636237363636323733653733396637656266326666
64613939306433313039336265346561373639656462323133663339386130363939613935303864
65656132383134363764623739313633663333343630303930386636323336336564316137316363
30616233393864636132303435663533393664323931346364636165653665376638383931336139
33303131313931633762616364383337663339653037633531313032376132316531623732393732
37663436373537326632646230653033316330376635653062376366313532613063643434303536
64303131313737613563373837653364303966393963306136663132363139616237666235326461
61653962336636316466663961646563663239343161323733653238656330623565643331353732
34313239643463366163366530336465333861383263353934653266316464313837623933313832
36613730343665363134623139636131663330643736333339323133356636663163613765393630
63623133316266613238316633373030343532666533303430663932306338366238366539333765
65333263636430633264353330396430633364303936626630353938386335353762376637623932
30633561666430316431363763623566363231343064623830313761323937326663323362353765
37346263336465653434326263383039333836313432656536376266623063333831346136323035
35316335613661646631616366626531623863323830383630643261626432313663323639663238
63383461623736623636396630353665353239346136636630303036656335333765316130626462
66376234653330613937653033303836383163616439666231376264623166613061393036366237
65393163613466386438656335663530656235323139396432376363373437373636316631653436
38343465303033366337316165363461393538663030326462626430643561643037633364363161
64653064313933333864623166663235313333653863386132656536666663313331333566613739
38303139323738386561383861613233626238376137396531326264363862303435303431396365
36613363343735393532653034313662373962376339633035373161653032356133393237653865
32363936373134643564336665306262333564653564393262373665663061343734616661616365
66313632376566353637376430393966323035666264383965323331643233313730363764316266
31323430353431626237633236303566383862323364623464626266643631366630376264666164
30336264343562656635393739623733663135376163303935626237613365633666336234633962
30343663346462626438386139613261336133633639643738613230613866336261393436373333
35633236633461393832313739303766616136346438653731356161613837643730316539363639
38323335626338366162326535663437386136666534346564633038643063653433346636613239
31313437663936303035343232303537613362666532363939663363313165313336623363383963
34376635626535386461626364323131653265613364653839663733383362663735396634353135
61373239353135636639323132643731666538616133343434643764313232373932643530623439
39353539653439313162393032333662343962323433373438303363316563353739333765313632
33326164356461343331313032653536643163326236363231396463346133333565356438333563
66386663393635343839653636383762633731396365663432366438653736626234363635653839
30373366643861393239633832343239663937623764626262613133346562356533323862666238
63363137376637626338666336623564333630306631346235393639643538643838346661346339
35366638663064306231363538363964353537393465386466306166636236636364376532666135
63333138663034663866616138643433663635313061303733653137316331393363663332616131
33313536366463336337336165366664363064396661666162316564336330373966373635363438
37323838643364633332343766353831306236393430303234653139396435343431646338656138
37396261333065663130316664363733393536363061636264356232356662393131343262386330
37646336383665303534323963373063383233613138373763396266633833313464316166343233
36616630366662303136343366636666336661376436613661333431383866633636343331323835
62303735383863653962613030333839356364303865663634663064356666356435643165396561
64613838393563356564326636363038636461366633386336663831613864646364633831383163
62626638376134353432386363363332396238623731663761353964636334336263396631376661
30356139626631613963313365396636333665363762623435666132613137323563643664386165
39363466383564613036353038393130366438376461316663633737623636336332313330613664
37343938323432343465666636646239643961306333643264666638646130663563613563303163
61386536386165633338623235356531333036306563656434323932663634306662303139393339
30343833393435396536363062613434633534353966663833333837633364396636396533393363
33346464353435343437333766336131636661303633386335353833643837306235636662623633
34393734626165663139613531626131303938626233663439393834306336393137656330346539
39333033323531393832333432313631343761363738313038373335303164633838326535336163
65653030653331656263323832383036343339663834626436343236323934363864316336383466
30353961323437333036633461343737393430333839623831336136633430356634663562303438
65386663623664363066303832613037633739386434313031316161636330633662393566633231
32336430393532653663383837633366333632323136306337653334616664633366326563643831
38326134353432303165343538373035663634323033353932343933616635353661336533613238
37306161383833336365323335326334643636366465396339353531623630316164313436616430
36326333613864663762366364653232323965386532346365613238356465353065313237303761
63393662313761303536613164353936623139633765633164633131636130626364343965616232
64373934616265626361373564353666656433313936386134663633383731373665343766663264
31326634643364656262613961316637393062386238393331663364393736653364346338363862
33613166393264626465303364646462303634373235613065373237656666313433353736343237
30666530333862373439343662666361306530336565396135306632323733613363653266353135
33353963623138353435313738363331633034656666353264643362643938366563336662666462
39643965656132373664396134373933363762333164383634323638333263616631363161626239
38393339303534666162643966316332663830313166633637366238343831633432383836373561
36643539663232346130363234616362393435663035653930306364396238393265623633363538
65313366323639326130326238353062383063363631336537643963383133356564646431306566
31373134313465316464616262653533663762626333646331636264383637383133346330343735
35366461646130313365656336623131636133653732613935643532386136386664336165613938
64646432653862633139643565343763653762623861653162613266633338316339366365656533
39326338306637396561336137643061333035613234343432326430376134313466636230343734
31613537396433626363386331376333623263323566623833666461353237323534373165646331
62633864646664346438313532393739623432316562393963656139383265303563666132343366
65366464316137636330303538646162386236376361396334353863643838653535656137643831
39366331306530323066353961653938336564346134363039636332626332376566656636616430
34346565386638303132333035356439323837666263313637386535363230653137303230356233
39346564646462656364366638656332666164346231306632656365303662303835346535343161
39396333303863373962343961343062393636333663383437666630313634373664316336613631
33343531306134333436393165366665336563653163303139653266306635386132393962333665
37653238373765353664613865316364383035646666333865653836666465353735653865313961
65626265653739373465656334613963663637663135386565383962356130616666323138666366
36313236323231356338633435393236303135393763363434666539393035326262356363613435
66643937356330643731623338396135646562646230303366613932616265333535613735306130
63333831393462663563633930616431353261663734353839343865323764376330316232646234
33616139626465633464623664656163656230316134363464663533663065316239313964636331
34353830643735306539373862323162613137653930383335316330336537326339306164393964
64323939333463663965356663323933333431636563333130623130383961636136353436373635
33353661663734386535646535386635323065653462653530353161303330303131346461363261
65353663623266366265333130393661316337616634333030316561333565346436643964376664
65646434323361623936616562666663326464646162643236383037633265373935316134366338
63343362366637346535363133323764313536303333623631306366313839396364633834393266
30373735656137373134323633633165303330356561316437323463376337366130333031333565
66303937336633633563383939343639623761396534376166643861643535333938396434323932
37373934663962363065643663363832316436353639643061386234356130336564353062626438
36373039333334303134386630353632373464356139623434363164316332613763343336623265
33323432366339363561326531353237363333306136363364346563303833666364333038326430
61353361626631363138646435613161306564333934313139306434623330343532383665383630
63396162653736636233663530306536396339313039623834666165353630356636376130346566
34363236386333636234393865326263356663386163666663336239653637333334613861333630
65333239346366356431653431343935333765353163643239373863306638383934303033356263
61613233323931373862323265623030366662366565333066613339306638323634393464663365
37373239383132363864363633363162623935633761336266333430633962363464356564333866
34396334643065383335346439333062396234396332623130633232303230663762646634366636
32666336366136343661366164396539353638353166613530343963633530393730666338393163
61346334663865616562333838636336363961306662653162353862616466386664613937636561
66346265346332663936353538303235636239626136303464363135633938353339366631383332
65623837313935326537653461373430623165373565623863326639653432636634653464366435
31313134613834383864383837383834376662346533323437353864303635393461343761616133
39636130626462626333616133653364626530306530346231393162633461393834383566313565
30366366303233356531316332313330613232663262333437653734363334353563346165323365
64346231383366323464306234363061343231336633323161626336373633623962663235323939
35613938306330383335363838316131383431346362353963363735333737626364383732336239
61653335613134666538336262363930346436636664396438313765393161653033363062616231
33373861333137623965343363613233643863306539343335316235313033386465656265333361
65616234363030333030643434386238646362353964303530346130313438383162383064323565
65373564316436653336343831386662363633356564333862353764633664653963613438393835
32376436643333656666633162636362336638613338356465306430313735633064306264613735
64663963383961393765373064346366396333623661623264316638363334366363346536353033
38306238323565636337363233383635666564643134623063313535623534393938353131303963
32383937363137663234363266363637376537623335653233666165366233363431376361353630
31643139386462343135313965393738623630376265646335363530373930666465316561616663
31313134613162386638626534373437353364396361303334323930643063343933616237336338
37653864333536333362653862666666663239653666643966613732616562613330633634393533
34353763373431366235353462386466643663616633653432303236323235323730363166663336
39306265633830336432656539646231326665386334663133356666306162376138353235373039
35343232336665313037613936396635623533343339376166343663646562653465343937613436
31616232356161376463663433666663333031343861653330633933386139656561366266656136
32636439666136626432353430393730623137326637656462326236666532646138353936656466
66343433663838353831306164646266373239653662653664356563666264643263633833643336
61666162626166343139633631393233313936626465376531343530376132393132393338393934
65646537383961303830616635643732633235323565396338356135363639323466316539636262
66343630653634663832393831343637393735336666383733343431633863643964363331316236
30396464346361613437343337363133313865373165613736343461313139353836336564323237
62333565616236303839653434346661666533616531346537346661316435393166653235656465
30623733323037663035316331343735626235346632336231323832356266396132323963343366
64633266306531303863346530323934643538373761343531333939613666333239386434303164
30623431646530313731626439333238343033366534666265636566316538626462623366396331
33663232313364356264646231376231353866326433383837376663323639343333326637313937
66346666663330343532646262396464333337383038666366346237663761306166363338333235
39376138353634373336633439393035346662323231613236633936326231663035646338393063
65633531393832353139383664653763326562386163393864646439616464306665623434383165
62393064336161626465393130313536303265393133643332636338366438383566363135316566
34633437393034666231646561623035663762376165343136653566383165616133306532383234
66633236656130316239623662393734653936356332653331316438303863366430343534366136
38633235386131343435346565623535393333653434303833656638653630633762333461306438
30336231633437316637333334643238316465626530643838383230333664346630323031336637
38326162633830663461343565653261303063653832626630623366313839653865323139373630
66386132313931393561343366653632663431323262323231346363373733623734323462376662
38623932323330373633336532343239313164316366373837643832313030316364333639616630
31633066656532666136643134343030613963346165303562636239356465313166303030383965
63653162326164353032316464383932376563323566643038386437366366313733396430383061
32646161333862396539343761393462373838396139393966633363633164623734656331616539
32313033656436643437373863666366376431393135356334313939663131326239316136393135
31386534336162613838643931373039333465643333383165373766306237646637383935663733
61353835363064336461656636376530373838336161383438643736623162376230653032626166
65353933386431306233356231353634623133353531396233316665623635303232346434383935
30323433383439323837626136643032643132663137383864343035633838343865303162363535
66306334666434333238643066353035316536643137636638333537623030386563356535333639
63643735303062396337363561613037356461666130323163393566366163396164316331386561
65303835393335353865663031656665616265623965623334613066333039376234623964396263
66656234313838326363373463386562646339386535633732383039393038623431623566616661
32653231656633383533316464613363336435326538356664323862383235353435343165353435
66363932613532323736343436353366386461313538363065646161343533653230363963643061
32323366663739376462623265613631333439643131626637363437613364636635343232363961
31306261333330666330633065343937666563633934363562306266623536316263323439303462
65363937376639636135613663326331643237623236306161623365366339383764333231373862
34353233653662323633663961313035663336303937336466613933366631613035636362373934
64353763633436323739616364386262666663313532663537303032333434306530346633663339
63666661366264656235623263646633303061616636306339643231333939336564623134663236
36383831613136356362326531373837343566376636346434386464633035363233346639303238
38313531623737653763333437326232653565336430636665636564343839346662633932343630
35613539346461613566356236343266643233343362366236313461316131653734356462343835
63356230333237383235616166613663633638363961303935626562303133646262323034616665
33393633626361623338306464353234313132373265633132363039623631646332303762366162
33306564623664656663343466616635643635323466376334616634626235336633636465333038
62383966363436633636316265376434653464366335633565646665613536643763666366393064
39623232326331643337396232653634356465306535386435393965333365646633333730303661
37346335396137363736353863313862646436393730646532343261323936643361616166333861
38636630346162653939373437393561363438366265626461633136326431626161343135656565
61613762616633636566626431383362383063633731363832373437376634326533373137626464
37333562353130373934383338636136333931363465396332306639373331636532336661366265
34643961393964613465393666336365643336666136626464646338386332616134383135313565
32313938636136393361393866303462633837656439396633663062303134616263666332626665
66383162303137643464636539346139366665333061666365663131613036326362333930343738
64363832633431323232313335646539656639613663653730373237393462303839323361303938
64306237643435393137616466393833623835356164333338383237316538386365313966313465
37323166656461363666346330323130353537653830393533623864636330396262646563306235
64386636373031663930653830336139343864616663633237386566393765316632393138366430
39626665363766636134306637336332353861313963393238663236366333386564663961323036
33663031336163653834306339623365623966316663376464386231393030336330356534653037
32323439326635663963363362336661613738633766383632623534663236333838323134326638
63616630386434336337396561623630623762303561323538626465653962306564643938616463
34626335363038313264646535643063326532333563303837666634626437393165343832663039
38353337616164303833633666636133323866653433656137383935343832393334613362383037
33396663393165376334653261353761663432633537333434656161333237386636393266633031
62383761366162666661643838663830363135326266313839653666396237396263356239303962
66646533363161346463373232656230366638336433376435616265393137376634343636643363
63643336656237373039363138313363323436323233373634396635336330663037386463393362
30313631633639343037326438303862666462616461323134653130313837306636643263313762
35306635383738663137656539353539383166643431343839376536666239666531303333643030
32623036316261326438313966663938346333326431333366613139373232616665386337373730
62393562396331343636306538633034653164306133383439646439663562366665646162343136
61643331366634646536323133646365333135323233623664623736323030633631323134313433
62366239343938613838313537336231613137346438633762633638303037653164626132613138
64336138663531386165343134336561613866643466386162366562393462646566636263636632
66393233363235656433333363396165636631613863343835623866393361333634623562346138
35626365393734613532623462633236303463316366363032323136613834316539356134633566
32306635303839316137663165363964373731353834303130396530343561303136646165333239
31326539383562636661666437336462663138633133613638623038323635363362343038366138
31633639666130306533623866633535323337343730633531376236356565636233303134656432
39343636643539656431366431643737623230306437623536393764303538626135333936623863
32303665316235346133393762373939366461343061646136616539656132346663626136643534
32643066333335343663316537323731363631623635363239633461666134623764346137636636
66303337346235303635666566326162373237316666353837346464633639643534343764306133
66663433373162313962393165313934356161623530623832303839363834386631383338393462
61336165313332646434373930363661356537333237313330656438363062656665396631346437
65306663633531353632653836633266636263323230326335646364653162383938326533313166
37633461666638663930666536613634326239333333653664396234313138326262353636643337
65613938636136386231643634326534646231313038343332346664656435333561383537636363
37663962336230306136623463633339616539336539353736396438623339643032303663616237
62326331616537613964383261626262646432376635313662373132336230383635353133373631
35333264623466353534333630623938613463663530613962356462313366646137363238336431
33393230633236633961353035653634306162366131376266633662353463613265373538363135
62316361613632333034336434313730386433396230643066626262316634653533373164633961
39653232653632646566646431633438393732346339633164653632376237663034356334613161
35386163343661336661386466646434303134313631343137363533353131623036383231343239
66396238306534333733663063326439313764343735346566643036393334393530656664313039
31323931366131313361303962323738313336316135646639346661663030396233626431363838
62343735393936613931636630346631643266653636633964333964623866356230376161343334
35623932666431306533386232373634633837633366663132643735343636376565346266616539
37393663363064386231333566666161633934373363626335336238613333633431653336396532
35333339653566383233643662346366323865393539653766613961333563623930383761633330
65393962356463623561393533326334653161333866623733613338363662353430343732633763
65346261336566356464346561633464613031303339323139393866336264363034653736353730
33626534353362643736353764306465393530623062656432613831393532306432636562633537
62333761393039353331323130366635306365393665353664316664386133316634333530653732
39376236323238616239653330343734343837363535306566313938343635646330313566616135
39633939373931313363633563363737303039313663396139393534363637326130623232333036
64343935613066613339396133323663353937306234353762633865383830366165666366306238
36646134633339666132343263386262383063333162653864383565353861346431653362313139
37306530373561343466306330373836373862333334366661313438616139383531316636616631
37353334356564666261613562363233653065363665643462646339326465646238346163393630
62353334626535323161363861373331373037373263303161623763363536396332623763613931
33336532633232666334323965626263356537653461393833326537666338636436393631383062
32633031323733373431633331363562613632613665376538393962303635373130346363373237
31353634306537373030633961613165376137323238623866323632626332333836653062663839
61303964393864343836646437366534396164383432663232656266343037363737623363303537
31646531663437636466383463303166336435356261663532616630356435393764303933393238
35383337326339613630613930313930623563376664323436323233643331346237666564363038
30326364303863613465373862376535663734353136636262343264313637303831356132396530
36633638386536663066653433336330353933643662346532393136376633623864316530383532
30393937636335633564643364383034303638366333636231326662366435656338636335346134
33373834653461303662393463373033656637306238396461656238656563393939613736306535
33356435636466346230656261616162376334333764616630393237633938643534626639376633
63383763333033663062393763636639653463646235313536663835353464303662386135323931
66333532353764613165363665356363346437616638353166346365386435323431623131626337
66663936316163373162626562326536393134636331343438636465633663336239663665356332
63613762396562613330383739373732366338373062386231383534656238323338366239663634
37323339313365336566323330363162656466653463366530326463396230653837653433356634
63653663613261633661646363333235316335323732633539333031343231623337653331396330
30613835323763323237373630383364656230346431346561326639386335323864343763653430
39333733666535313662663665646638613031303236656138656566356531666336313665333865
34623938663736343663653538666562353336373463323737653266393333613861303462393133
31323564303263653764613033363163623239636130353838313734363833313161306365396636
34346633633232626634303861306530346265646432636265303464333735353337633462343564
35386665366461383462653131366331643735623032353736383130386532623436626139643234
31656233613861346231363037376265663432396337336163643465356231663065303438663737
61363737393564303765633430666333376236323162663137653766323530356631376637366637
38636338323038363763613462363033626161393039636130666463383836623563623465356665
37373336656466366234393836653032626637646639363466663364393330383439356661366166
38636562663962666564633765633162353934396438663261363065383238383333313133303734
34383134656333366564343666363864656531353861376465373864373438633738393464643761
38323530343432663338646462663862313763303266333432366131653435626632383034366138
30643430353533353962313161623165613931316264333336656131643131623631636632376464
30613535326466356263623232643233373232333761326365313838353131613766633030323531
38303138633261613732346565653736353364373263343735356564353139653065393061323635
61383938356664663262393935613539633034643666353432333536643734376338643335386534
32643032303632633439646531653439353033656163306632643635323461326531396534383932
35333262646161623865316364653432393337633836613161343332366433373131343839656538
39373030306563653564326633383331653163653538313763333138623737366561393738393538
65323061353265353433383934626661343363353638646235303764383431356536303764393036
31353938393335356361613734303835633835366166303362346166346536393262636563663439
62386436366139633138616136653036653963313933663438663034313831623731653035316435
62393934333630313665616564316266633030656134356563306332663432306631383165303638
65323339646464346433316636383362653438313534393438616636343835323165383237333962
31386531643262323935616436653861663861316637313638613136636135353934363165343863
31646162383562316138656534623439386661383464663335396137393264623535336635363032
31633264613165633033623761336166336633376132383562386538663963666538663566376330
63303130343664396639633063656435643631316239333038633965653865653166363461326130
30343962343332343730623766303138373736636433623463613036346439336435363437316539
65393231356662353832393332323330653065363964363631663661353138626538303331356639
35303566373132306434306264656365636361633937646639376637616561363333343538356162
37343836616265353835396365616137346663613632366335333334326233636162653033363063
38363261643063613439623962643231336534326636323165653134633230373261663534653634
65313638616339633739343937333033326462643534396563613939343762653936343933306364
64616337333364306236653365633462306233666164323032353335303862666631366235326661
37346166393837613932616466643761633430643330393366623064363130393664386465373538
62623033653162346161313761623966353431383838636635313939633539313639636430366134
66303363636435666264633762333263323133386335323763373530346263353937663065323563
39393766346639323762663230613639306363626663653865353638333264613437343437656536
39623164373039393664336438613936383662653539616438323337616635313863323662316536
63386439633330653333666633633039616164323432303838353263313666396436386530653230
34343335303436653037343861323235343864326239643064653233323962386338616666666264
31366663353963643235313662626264633238646332396537666233303432373966663930623935
36623233343037613765653830316539303066383931626635656465346431316465643161653039
62663333616634383263666238653164373065393361363232613230663666633863303031303830
66656461353030306330393062303737623934346533353063336437386566656531653239313364
38343637623065373834313932656232343732316239333761313030383736656230663964656338
30353330656432303536633432333833363932343332633735363435393065663639323539656237
35393931666135386437363864333832383865396433663661653764343035376261346361303565
66376665323435336365623031666463366634613535313062643330306363636665313733643034
63313166663165353532316462363964326137333036646163353739386461333030363238616264
64376334613530376266303837633236383430353535376632393738323465656263666461343934
64323036613763666163303936643839663961356136643237623832626334663366653336656463
35643937613532646434316164633534383735333235323632303065656363663634633263356431
33346136663263356536383063396237356139633035336138386134383737393862623665336436
64306561653730353434636435303537376136316365646539373634376366356164323838363864
35663338343062623032353936353430343137393931656439346135643432646234326632313535
34373062646563626266623738343137613262313764353536626534323566333866613566336364
63656263633730383465626364316630666535633330343932653364326339663930343464353938
36353464623231626533393239303031393938346163383666326365353339643761623538333961
32646635363761633537656139646238653930613330396535353263353531616364303630626664
31663461633866653734383230346330343935636164326131333835336437643563393034623230
39363964373230663266376139386333333763313164623065646534333436383234366633623937
61626462383933626366346537356132373931626538366164396537386461653539633736333131
62323535306132326331666336386439663539653432386336643566653838383034313561666339
32643265393137353961383461386464333439306337346462613562636332636661313434646138
39336230383931356535363033343337386361616335656530363234393165366662616366333738
66303461643636353036316639313236376239653962373235386132343030343731663139373161
33646165626536616538336530343665396437353463666666663139613337383932646238616663
61393130356130393566346666343636343437363032396533363136623335643965366230383232
31623630393530623737343036396364316332626635626430393437393635386462373663346232
30333533393231306639623232313231653139393333373837643265353361633561326131636462
33326562393735616536366439363762653738333238643963613634353564383432636336633366
34623238386664346132653065653932633566353861383963636133653537643232363136633262
34303263343530343565346330306136633030393139633833313934663061346334613034336463
64376439613465613332363439383634346136623064383036616466643438613938316436303761
36656362333534343463333639313339363935323332393866653366303965323866373263343264
39333064343231643365356537363231383633646365633763386665326539366662363330643562
39313336666435383733306635323838336532363861343537373735303930326162643837633839
33663832306637343431326261326335626238656264663466363165646235366361616562653935
32656666626339643437656564643561313439363131653566356565333961396234323637383765
32343262323533626339386432313564313635666132336138333730313830613937323064346532
39363232623365653165663132636130373935316532353731343361626634666135393862383261
65653739343762643037643731323433343835346364326334356366613139396565313362326633
64306538303435623732383865393933373962363366323330626431313134356533636233373238
33363335613965396431663664343366396233613331323835303565646632633763343161643934
65316536623834666261393534353065396463386131353961313236303730343336336533636532
61353462306465666236646431313166396462356237626235333561356364386430356237336262
31323539343535393033313739353365383934643434616166663733613864626565633361343132
37323139393335626263643564336534336337643030383234656537666230353739646438393132
30626238346538623836396134336633646136383637336561363365303966636339623034666433
32306633663234393966343233396330613865653239656638376332313938306666393233663433
36623638653063626639666439633534353732353062626365333536383162373734363665346436
61643164303661373866303661656430326364323262353434666632626438663033336166323132
38663765333332343430613363656137623136363139663534373637386338383139626662383564
34343061313163626236636537663035343133623834306663353433343336633835366365633030
38363836613765396339663035393036306132636333306462333166383465363030323537313532
65653932333830623036303032613530393335373037393136326532613438643262643261346432
64336266383134643062373565363630643565303131653439363537333630316631303865396535
31363530343431356430316161376665326638636135313964653034356363643835626139346264
62646665636363383561383736336165393539613438626665643636346332303932623734396533
66356566333533636134636632656362353166383836646166666636363064393161386639316162
38333435643861653733623639663033343261643766343635383630303430316330393033616230
61383463323062316233363964393762613864363437306434616461646166613162646138386338
38383633653936306533646166353063633934306131656461613630366465643863643364376430
39616335343331646363626337653538633632343666353639623436383231626334303661626136
37666630666432366437323433356363343666363133653839656164636266623430383836656365
34643564393139653632363461366532666165363762346432646665343032633432316334356362
32333039633365626165393236653364313161356235396466336638663732306337656563333165
36386166666365346432313136326164616466303162323832343430383034306630633132323834
63393166623530323435346465396632313366373234306161623965386335323364626631363336
38633561613033383839353462633864376234323331316232393562633535366663333632663238
35373832376433386634653964626430663538376665306537326333303033393430396632616631
39653938383238303236346136663462613232343664653131633365313531646566316362303033
36336332616336396438383031376334353132343165333262316163373337393237613239383337
61376436323932316135386162383766663965376133333631313838363630646235386663333566
64613138363534613266393362633432326263326333613165363030313165653133373562353463
63346530646631333732663038343232386333613738343433373565366266636632653565613330
30326166346161666562626331363361613336373962306364306530363561643536363465623334
65666231626164396431313732316631616138303034633263343461343738356538396662363437
33303938366235613464666133633935363930666363303935316239363965383135383561353033
37616230306237386137636632373732616536373938396161663031323630613937366634613731
64626565376134333762643039643535663763306436303166663839656331343164393166396361
32383032386562636565613562373735646337643632346130663132646237373661323263313734
31613261396538653531643962343962333361393033626465356261393033333463376136646633
64316537626231393139303861376133323636376631633437623231666137333536653631303331
35663564623564333533653736303564623239313631353163346134306137386563643532353038
33656238636465386135636364646661656636353161633838336435363465323066623031323735
63633264363364333338313837636533366362613837303863303037333032313461623731313934
65616533616465646265323161313835663963306561666638366335303762323631373464316235
34623639653131653566326236356431623132333239616362633139343239613133623732336530
38643234663732376436663162383731623563313635613436333561346236623837636137353663
66343138613233393663613936306332343065643536653737316564643131303532633034663564
65306331313034326633326134643638633162666231646339326462336338643434653336373364
31636662643534363430346135626662396136326362396235623463393032323263333037666264
38313864656136626538633332663532343231663436376632633732353562613630623763633637
37623931346563306538323235646531633430353035333033373639613330633536626437313631
32323035343662666133313033656565323066353932303937653033363930613338633833623036
62663330343432653731666562353765346262373830646264343766336365356464336539363634
37393836376634386332333964383866306264393462373463656437383637653432363864643034
32323331353139313737313136313637363064643265363661306338613238373639623735626464
37366661383039613137643965303165303130616233336662323064333630393730306634323137
31616131666366636366373734613438636231353034333936373331666565396335313333336230
61616362323339636235636535376563623432666265666266656332333763376665616131303833
38623435393363303664663632336237343032376466653834343163383331366130376665616130
35313130616334333837653035323739316534343866353530386133333062346437393662643034
35623464633739396162323564613364323661643433323363333430623630353839626262643266
65623939636334633537613834303163376537636462653136313936326436636161663138323264
37616530663762663337366561616536326666306434336264356663653532316332643533613237
63386464653235643764393738366532363563306234346133626539616464356132663932353137
37656130343739333436396361343737303834643064393232636230376134323130386262373466
30636664666461393161383936343864663338303536623335376364326137386337653566356138
31323661623338356131613265343331373837383337633035636166313335313132353365616366
34376633343431643136613339646665643435633666616164306366626435633937356137313663
61633963616538643932393336346462626537613833343139616537626263353163653839313566
64343135343234623465636163653261626438346230663562653366373430396365306636356466
36386362336439363732333561373436643136373937383866373432343362376364386464306133
30363533666632326438656561363763366563396163376234333666646330613338373063653736
63646338383566373831653364373938313532613730633362313539663732343630373437353366
31656266636166396639363930333435623566393462613137323463623461316364613366663530
34333239393538313634316439376637616230633932363438356336643730383538643130656564
65333030393666666532343763346436346230343038353261396565316365303637616663383230
39386234313664636165356265373731383966306562393063613033353364313733373135613665
31613439323863613762383338353837363438363561623334353565366265336564393262333835
62646334643563326533323436333864616230636237396534636365323232383039663561303536
63633333373865666632313832333033333839366431616364633035613839643766663365396163
30396234396236356665623534646338313234366539663466643134313230396533646566636264
30643038633830363533343961663339636337623132356436313364623866373630323562346232
34393261313437646361393831363231383636663536663662343437353666656639326461613937
39306538316434646461663438316262666364376539393064366165663563313266653337363162
65363836663364373133626137643462366464643138326632626563396364306163643465323730
37626361386637383936373962653462363865386536636135626135363034303666663432666361
32633661623161656566383161626335643364343935356563643132386263653264383662663234
66653036373736323232656539626261356363366134333039346338396237363164383438386562
38383162326635383537303266643165373234363638343939383961626233623032383337373137
61343231326432353835636432636561346134613561346531633735353862383835353937366433
34343664343035663063386438643762363630393436643731346666323936333165313864333038
37323933373632353262333230663736656337626537663736326133303664363837393437663962
35633865316363383836656639646438633537386636326563656566306431626162383435326539
33653430363064393538343164663538396661633834323634346531393332633934343936313832
66333165656236303539396430366435393634616461653934353937346463373238333333663937
36623932366663373437383731373965303136636236376239643763306565303061623532383433
63363732303930666664383736613263653739353536623434306163663938616666313133373535
33636434616533613266613431396363346366656437633764346363356265636665303036633665
33663636393031356339616364386237623765646339626365663032393235366366303532376330
38646466666566363839353330623162393037383361613630333330626261323264313563663562
31353164396330343131343434313236363339336363353036323263313663643430
